city,year,weekofyear,week_start_date,ndvi_ne,ndvi_nw,ndvi_se,ndvi_sw,reanalysis_air_temp_k,reanalysis_avg_temp_k,reanalysis_dew_point_temp_k,reanalysis_max_air_temp_k,reanalysis_min_air_temp_k,reanalysis_precip_amt_kg_per_m2,reanalysis_relative_humidity_percent,reanalysis_sat_precip_amt_mm,reanalysis_specific_humidity_g_per_kg,reanalysis_tdtr_k,station_avg_temp_c,station_diur_temp_rng_c,station_max_temp_c,station_min_temp_c,station_precip_mm,total_cases
sj,1990,18,1990-04-30,0.1226,0.103725,0.1984833,0.1776167,297.57285,297.74286,292.41428,299.8,295.9,32.0,73.365715,12.42,14.012857,2.6285715,25.442858,6.9,29.4,20.0,16.0,4
sj,1990,19,1990-05-07,0.1699,0.142175,0.1623571,0.1554857,298.21143,298.44287,293.95142,300.9,296.4,17.94,77.36857,22.82,15.372857,2.3714285,26.714285,6.3714285,31.7,22.2,8.6,5
sj,1990,20,1990-05-14,0.03225,0.1729667,0.1572,0.1708429,298.78143,298.87857,295.4343,300.5,297.3,26.1,82.05286,34.54,16.848572,2.3,26.714285,6.4857144,32.2,22.8,41.4,4
sj,1990,21,1990-05-21,0.1286333,0.2450667,0.2275571,0.2358857,298.98715,299.22858,295.31,301.4,297.0,13.9,80.33714,15.36,16.672857,2.4285715,27.471428,6.7714286,33.3,23.3,4.0,3
sj,1990,22,1990-05-28,0.1962,0.2622,0.2512,0.24734,299.5186,299.66428,295.82144,301.9,297.5,12.2,80.46,7.52,17.21,3.0142858,28.942858,9.3714285,35.0,23.9,5.8,6
sj,1990,23,1990-06-04,0.1962,0.17485,0.2543143,0.1817429,299.63,299.76428,295.85144,302.4,298.1,26.49,79.891426,9.58,17.212856,2.1,28.114286,6.9428573,34.4,23.9,39.1,2
sj,1990,24,1990-06-11,0.1129,0.0928,0.2050714,0.2102714,299.20715,299.22144,295.86572,301.3,297.7,38.6,82.0,3.48,17.234285,2.0428572,27.414286,6.7714286,32.2,23.3,29.7,4
sj,1990,25,1990-06-18,0.0725,0.0725,0.1514714,0.1330286,299.59143,299.52856,296.53143,300.6,298.4,30.0,83.37572,151.12,17.977142,1.5714285,28.37143,7.6857142,33.9,22.8,21.1,5
sj,1990,26,1990-06-25,0.10245,0.146175,0.1255714,0.1236,299.57858,299.55713,296.37857,302.1,297.7,37.51,82.76857,19.32,17.79,1.8857143,28.328571,7.385714,33.9,22.8,21.1,10
sj,1990,27,1990-07-02,0.10245,0.12155,0.1606833,0.2025667,300.1543,300.27856,296.65143,302.3,298.7,28.4,81.281425,14.41,18.071428,2.0142858,28.328571,6.5142856,33.9,24.4,1.1,6
sj,1990,28,1990-07-09,0.192875,0.08235,0.1919429,0.1529286,299.51285,299.59286,296.04144,301.8,298.0,43.72,81.46714,22.27,17.418571,2.1571429,27.557142,7.1571426,31.7,21.7,63.7,8
sj,1990,29,1990-07-16,0.2916,0.2118,0.3012,0.2806667,299.66714,299.75,296.3343,302.0,297.3,40.9,82.14429,59.17,17.737143,2.4142857,28.12857,6.9,32.8,23.9,12.2,2
sj,1990,30,1990-07-23,0.1505667,0.1717,0.2269,0.2145571,299.55856,299.6357,295.96,301.8,297.1,42.53,80.74286,16.48,17.341429,2.0714285,28.114286,6.357143,31.7,22.8,32.6,6
sj,1990,31,1990-07-30,0.1505667,0.24715,0.3797,0.3813571,299.86285,299.95,296.17285,303.0,298.3,34.6,80.58428,32.66,17.594286,2.5857143,28.242857,8.085714,34.4,22.8,37.6,17
sj,1990,32,1990-08-06,0.1505667,0.06433333,0.1644429,0.1388571,300.39142,300.47858,296.53287,302.5,298.8,20.0,79.65,28.8,17.95,2.3285713,28.2,7.5571427,33.3,23.3,11.4,23
sj,1990,33,1990-08-13,0.1505667,0.1280333,0.2069571,0.1682429,299.95856,299.95715,297.0357,302.6,298.5,101.9,84.17857,90.75,18.515715,1.8571428,28.042856,6.6857142,32.8,22.8,44.7,13
sj,1990,34,1990-08-20,0.1902333,0.1688,0.1676571,0.1722857,300.33286,300.41428,296.72858,302.5,298.1,25.9,80.94714,32.4,18.174286,2.4857142,28.342857,7.0142856,33.3,23.3,5.4,21
sj,1990,35,1990-08-27,0.2529,0.33075,0.2641714,0.2843143,300.11856,300.22144,297.01715,302.2,298.7,39.8,83.34857,40.94,18.515715,1.9,28.657143,6.5285716,32.2,24.4,13.7,28
sj,1990,36,1990-09-03,0.2354,0.200025,0.2838167,0.2304429,300.53,300.6357,296.11716,303.8,298.0,30.4,77.17286,28.86,17.56,3.4714286,28.328571,7.614286,32.8,23.3,14.2,24
sj,1990,37,1990-09-10,0.1279667,0.4371,0.1234,0.1482833,300.6743,300.79285,297.19287,302.9,299.0,24.18,81.55143,64.56,18.777143,2.9,28.685715,8.057143,33.9,24.4,25.9,20
sj,1990,38,1990-09-17,0.19635,0.1824333,0.2548286,0.3056857,299.85715,299.9,296.43143,301.7,298.7,36.6,81.637146,143.73,17.892857,1.7428571,28.242857,8.114285,32.8,23.9,3.3,40
sj,1990,39,1990-09-24,0.1161,0.2609,0.1994429,0.2442167,300.42715,300.6,296.02856,302.4,299.1,16.4,77.04857,51.39,17.46857,2.2571428,28.342857,7.7285714,32.8,24.4,15.8,27
sj,1990,40,1990-10-01,0.22855,0.18975,0.2124857,0.2011857,300.77573,300.85,296.66428,303.3,299.1,36.1,78.52,31.18,18.18,2.9,28.77143,8.028571,33.3,23.9,11.7,42
sj,1990,41,1990-10-08,0.17115,0.06755,0.1794667,0.1577167,299.85715,299.94287,296.92856,301.8,298.1,132.4,84.11,51.42,18.512857,2.5714285,28.62857,7.3142858,33.3,24.4,57.7,33
sj,1990,42,1990-10-15,0.17115,0.0702,0.1816167,0.16575,299.1957,299.30713,296.54428,301.5,297.5,279.6,85.62143,143.55,18.115715,1.8714286,27.62857,7.4,32.8,23.3,61.8,43
sj,1990,43,1990-10-22,0.1462,0.08975,0.1288286,0.1239286,298.90286,299.04285,296.25714,300.9,297.2,94.52,85.50285,127.03,17.75,1.8,26.77143,7.6285715,32.2,21.7,91.5,37
sj,1990,44,1990-10-29,0.25225,0.1834333,0.318,0.2959,299.72714,299.77856,296.53427,301.4,298.5,22.26,82.78714,101.35,18.034286,1.7857143,27.971428,8.642858,33.3,22.8,6.3,57
sj,1990,45,1990-11-05,0.1526,0.181775,0.1783286,0.1866286,299.97287,300.0357,296.5643,302.2,298.5,14.4,81.71571,20.46,18.074286,2.3857143,28.471428,8.428572,33.3,23.9,6.6,71
sj,1990,46,1990-11-12,0.2908,0.2246,0.1803857,0.2348857,300.35,300.5,295.68713,302.3,298.8,7.1,75.72857,20.0,17.085714,2.2,27.542856,8.6,32.8,22.2,38.9,44
sj,1990,47,1990-11-19,0.2722,0.33035,0.1316333,0.1253833,299.5114,299.6357,295.3757,301.6,297.0,36.7,78.15143,20.04,16.752857,2.5285714,26.8,7.4142857,31.7,22.2,9.6,56
sj,1990,48,1990-11-26,0.1367667,0.216525,0.1767857,0.1415857,298.2386,298.26428,294.81143,300.2,296.5,44.3,81.38571,33.61,16.20857,1.9857143,26.2,7.1285715,31.1,20.6,26.7,53
sj,1990,49,1990-12-03,0.1098,0.0886,0.2667833,0.2517,298.54285,298.6857,294.78287,300.8,296.7,71.8,79.90857,9.96,16.161428,2.057143,25.985714,5.542857,29.4,22.2,69.0,52
sj,1990,50,1990-12-10,0.12135,0.26166,0.1913857,0.2099857,298.20285,298.27856,292.00427,300.6,296.1,4.1,68.722855,0.0,13.615714,2.9857142,24.685715,7.7714286,29.4,19.4,2.8,47
sj,1990,51,1990-12-17,0.2931333,0.2668667,0.2608571,0.3027286,298.29715,298.37857,294.55856,300.9,296.0,32.31,80.082855,52.45,15.954286,2.8714285,25.714285,6.5857143,30.6,21.1,19.8,26
sj,1990,52,1990-12-24,0.3025,0.2772333,0.1712667,0.1616222,298.03857,298.08572,292.1057,299.8,295.3,5.46,69.68143,0.0,13.6828575,2.2857144,25.157143,5.8428574,28.9,21.1,20.9,27
sj,1991,1,1991-01-01,0.1465,0.1404667,0.1515,0.1673143,297.06,297.1357,291.90714,299.0,293.9,4.8,72.93857,0.0,13.511429,2.5285714,24.385714,7.457143,29.4,18.9,5.3,21
sj,1991,2,1991-01-08,0.1465,0.1004667,0.2519,0.1376167,297.6743,297.82858,293.28287,299.3,295.8,26.33,76.62857,15.85,14.671429,1.8857143,24.914286,6.3142858,28.3,21.1,31.7,21
sj,1991,3,1991-01-15,0.1465,0.2935667,0.2599429,0.2179,297.42285,297.65714,293.41287,299.3,296.1,27.4,78.5,0.0,14.798572,2.0,25.242857,6.571429,29.4,21.1,16.5,26
sj,1991,4,1991-01-22,0.3313,0.3093333,0.2210286,0.2027571,297.88428,298.15,292.38284,300.3,296.0,0.7,71.597145,0.0,13.8785715,2.557143,24.714285,7.7714286,29.4,18.3,6.8,34
sj,1991,5,1991-01-29,0.0917,0.246425,0.2438571,0.1956,298.04428,298.22858,292.57285,300.1,295.0,5.7,71.78429,0.0,14.044286,2.7714286,24.828571,8.157143,30.0,18.9,5.9,37
sj,1991,6,1991-02-05,0.3801,0.2285667,0.2550429,0.2258,297.74,297.92856,293.15,299.7,295.0,19.69,75.79429,0.0,14.541429,2.4285715,25.057142,6.885714,30.0,20.6,7.3,17
sj,1991,7,1991-02-12,0.0712,0.2211,0.2762429,0.2673429,296.88428,297.1143,292.97287,300.2,294.1,21.4,78.89571,18.05,14.46,3.2,25.142857,8.8714285,32.2,18.9,5.6,19
sj,1991,8,1991-02-19,0.0712,0.2094,0.1084333,0.1194,297.41428,297.6143,293.63144,300.1,295.8,26.2,79.74,0.0,15.035714,2.5714285,25.842857,8.471429,32.2,20.0,17.8,25
sj,1991,9,1991-02-26,0.1702,0.2086,0.13752,0.1914333,297.5057,297.82858,293.40714,299.8,295.8,23.8,77.97714,31.79,14.794286,2.1142857,25.257143,7.2,30.6,20.0,30.7,18
sj,1991,10,1991-03-05,0.21075,0.2641,0.2476857,0.2163571,297.77713,298.07858,293.53143,300.3,296.4,8.3,77.31571,0.0,14.92,2.2428572,26.014286,8.314285,31.1,20.6,10.9,21
sj,1991,11,1991-03-12,0.21075,0.2641,0.21325,0.2405429,297.43143,297.6357,293.33572,300.1,295.7,13.37,78.13857,0.0,14.787143,2.7285714,25.928572,8.971429,31.7,20.6,3.6,17
sj,1991,12,1991-03-19,0.1279,0.1784,0.1470143,0.1593,297.40714,297.6143,293.25427,300.4,295.4,11.1,77.88286,0.0,14.745714,2.5428572,26.085714,6.9714284,32.2,21.1,5.7,17
sj,1991,13,1991-03-26,0.28035,0.223575,0.2478833,0.2473857,297.47,297.69287,293.74,301.0,295.7,21.26,80.00143,0.0,15.148571,2.7571428,26.057142,6.5857143,32.2,22.2,26.9,16
sj,1991,14,1991-04-02,0.1691,0.216825,0.2605143,0.2219714,297.0643,297.1857,292.48,299.4,295.4,20.9,75.66286,12.92,13.991428,2.2857144,25.242857,6.8142858,28.9,20.6,4.1,16
sj,1991,15,1991-04-09,0.1765,0.2763,0.1845333,0.1773667,297.37286,297.65714,293.61572,299.2,295.9,19.78,79.62857,6.0,14.992857,2.6285715,25.3,6.5142856,28.9,21.1,18.8,15
sj,1991,16,1991-04-16,0.0774,0.1024,0.16355,0.2061667,297.28427,297.39285,292.17,298.9,296.0,21.9,73.351425,44.57,13.732857,2.0142858,25.514286,6.2714286,29.4,21.1,19.4,23
sj,1991,17,1991-04-23,0.0774,0.18845,0.1883143,0.2249429,298.07428,298.23572,294.02856,299.6,296.7,19.7,78.44714,32.72,15.461429,2.3,26.528572,8.014286,32.8,21.7,3.5,16
sj,1991,18,1991-04-30,0.2091667,0.160575,0.1761714,0.1761714,298.83142,299.07144,294.97,301.0,297.1,8.38,79.36,0.0,16.314285,2.8,27.314285,7.714286,32.2,22.8,2.8,17
sj,1991,19,1991-05-07,0.11595,0.180175,0.1063857,0.1111857,298.63858,298.72144,294.81287,300.9,297.2,20.6,79.54143,35.38,16.185715,2.4142857,26.928572,6.928571,31.7,22.8,40.2,12
sj,1991,20,1991-05-14,0.11595,0.10455,0.15115,0.0964,298.3257,298.40714,294.61856,300.1,296.6,35.37,80.06715,4.16,15.974286,2.5,26.528572,6.5857143,30.6,22.8,32.8,17
sj,1991,21,1991-05-21,0.0669,0.1335667,0.09711667,0.1356,298.5843,298.45715,295.1243,300.4,297.0,59.3,81.30143,51.16,16.501429,1.8571428,27.385714,6.7,31.7,22.8,3.6,10
sj,1991,22,1991-05-28,0.1401,0.1594667,0.2143167,0.2571,298.80856,298.8857,295.2743,301.1,297.3,43.4,81.08857,55.37,16.645714,2.142857,27.942858,7.0142856,33.3,23.3,5.6,15
sj,1991,23,1991-06-04,0.08585,0.087,0.1196,0.1659286,299.5186,299.75,294.92572,301.6,297.4,5.0,76.07429,8.08,16.324286,2.8714285,28.071428,7.5,33.3,23.3,20.6,19
sj,1991,24,1991-06-11,0.1091,0.1564667,0.1734286,0.1739714,299.89142,300.07144,295.49286,301.8,298.4,5.82,77.03571,6.09,16.882856,2.4,28.22857,7.9714284,33.9,23.9,9.4,21
sj,1991,25,1991-06-18,0.0596,0.09235,0.1301286,0.1306429,299.77573,299.97144,296.3,301.9,298.4,17.0,81.421425,44.25,17.704287,2.1714287,28.928572,7.142857,33.9,25.0,3.3,14
sj,1991,26,1991-06-25,0.07965,0.122,0.1851143,0.1582429,299.41,299.47858,296.22858,302.5,297.7,37.8,82.74571,73.76,17.62857,2.0428572,27.914286,7.4,32.8,22.8,12.4,18
sj,1991,27,1991-07-02,0.07965,0.1779333,0.2015286,0.1981571,299.37143,299.3857,295.9457,302.4,297.4,51.99,81.69428,26.7,17.352858,2.142857,28.37143,6.6,32.8,23.9,24.7,13
sj,1991,28,1991-07-09,0.0969,0.1779333,0.13805,0.1679167,300.00143,300.17142,295.79144,302.1,297.9,18.7,77.877144,6.13,17.151428,2.4285715,28.414286,6.6714287,32.8,24.4,4.6,14
sj,1991,29,1991-07-16,0.0969,0.07733333,0.09982857,0.1166429,300.23428,300.34286,296.08142,302.2,298.6,23.6,78.24143,29.67,17.472857,2.4285715,28.8,6.9142857,33.9,23.9,12.2,18
sj,1991,30,1991-07-23,0.0801,0.00805,0.1380333,0.1290667,299.80856,299.97858,296.33286,302.1,298.2,27.4,81.48286,56.58,17.734285,2.2428572,28.0,5.885714,32.8,24.4,43.1,23
sj,1991,31,1991-07-30,0.0801,0.00805,0.1906429,0.1593286,299.85284,299.9643,296.47858,302.0,298.3,34.39,81.89714,48.41,17.87857,2.3,28.571428,6.3428574,33.3,25.0,18.0,25
sj,1991,32,1991-08-06,0.07315,0.1124,0.1925857,0.2093571,299.83142,299.8643,296.46857,301.8,298.1,31.5,81.96,13.29,17.895714,2.2428572,28.5,6.5142856,32.8,24.4,12.5,62
sj,1991,33,1991-08-13,0.0593,0.1124,0.1551,0.1567,300.42,300.65,296.48428,302.8,298.7,20.4,79.19714,0.0,17.911428,2.1857142,29.428572,5.4714284,33.3,25.6,3.3,60
sj,1991,34,1991-08-20,0.0569,0.09814,0.1285143,0.1437286,300.31143,300.3857,296.58142,302.6,298.3,25.47,80.255714,51.88,18.011429,2.4,29.27143,7.5142856,34.4,24.4,1.5,76
sj,1991,35,1991-08-27,0.0693,0.05705,0.22504,0.1864,300.11716,300.2,296.67,302.3,298.6,23.8,81.594284,55.2,18.091429,2.3714285,28.157143,7.0,32.2,23.9,10.7,66
sj,1991,36,1991-09-03,0.10805,0.091675,0.1398,0.1624143,300.1057,300.15,296.79858,302.3,298.4,42.33,82.31,65.9,18.262857,2.1285715,28.942858,7.542857,34.4,24.4,27.2,64
sj,1991,37,1991-09-10,0.10475,0.1598333,0.11208,0.1446429,300.54,300.6357,296.45142,302.8,298.7,11.4,78.627144,33.56,17.895714,3.0428572,28.971428,7.7,33.9,23.3,61.0,68
sj,1991,38,1991-09-17,0.1098,0.1527333,0.1685714,0.1688714,300.52713,300.6,296.90143,303.0,298.8,28.8,80.877144,29.53,18.4,2.4571428,28.914286,6.8,33.3,24.4,7.9,89
sj,1991,39,1991-09-24,0.1676,0.1489,0.1714286,0.2181429,300.06,300.05,296.59,302.4,298.2,77.5,81.424286,73.55,18.044285,2.0714285,28.142857,6.6857142,32.8,24.4,31.8,92
sj,1991,40,1991-10-01,0.1291,0.16672,0.177,0.1955571,299.65,299.69287,296.39716,301.6,298.3,60.0,82.48572,31.68,17.85,2.0428572,27.742857,6.9142857,32.8,23.3,26.5,140
sj,1991,41,1991-10-08,0.093,0.093,0.1450833,0.1681667,299.56287,299.67142,295.88715,302.0,297.6,55.1,80.51572,32.1,17.344286,2.2571428,27.657143,6.614286,31.7,22.8,8.3,116
sj,1991,42,1991-10-15,0.0137,0.12886,0.1090429,0.1070286,299.89716,299.92142,296.0186,302.0,298.1,31.19,79.38286,3.29,17.431429,2.3,28.542856,7.6285715,33.9,24.4,21.3,142
sj,1991,43,1991-10-22,0.1944,0.1186,0.1808143,0.1998714,299.89142,299.99286,295.45572,302.0,298.0,12.6,76.777145,50.24,16.85,2.8142858,27.828571,7.0857143,32.8,23.3,3.5,129
sj,1991,44,1991-10-29,0.094,0.09665,0.1255667,0.1213167,299.9057,299.99286,295.91858,302.4,298.1,26.83,78.987144,72.61,17.375713,3.0428572,28.114286,7.257143,32.8,24.4,4.8,140
sj,1991,45,1991-11-05,0.0544,0.05475,0.1121333,0.1193857,299.09,299.27856,295.56714,302.6,297.3,74.83,81.05857,42.92,16.967142,2.9,27.185715,6.757143,32.2,22.8,41.4,140
sj,1991,46,1991-11-12,0.0954,0.1114,0.1949429,0.1980571,298.6857,298.7857,295.61572,301.0,297.4,72.7,83.51428,78.73,17.061428,1.9714285,26.657143,6.742857,31.1,22.2,28.2,127
sj,1991,47,1991-11-19,0.00825,0.028425,0.1387429,0.1796429,298.69858,298.70715,294.03,300.8,297.1,15.1,75.54857,0.0,15.46,2.2714286,26.314285,6.8142858,30.0,22.2,9.4,129
sj,1991,48,1991-11-26,0.08786667,0.1519,0.1796286,0.1661857,298.3757,298.5,294.93857,301.1,296.9,78.43,81.48572,35.34,16.322857,2.0285714,26.27143,6.5857143,30.0,22.2,76.2,169
sj,1991,49,1991-12-03,0.0802,0.14025,0.1336286,0.1344571,298.64285,298.84286,294.97427,300.5,297.7,35.1,80.27571,0.0,16.34,1.8,26.72857,6.0571427,30.6,23.3,19.6,141
sj,1991,50,1991-12-10,-0.02665,0.2128,0.2224143,0.2289429,298.5186,298.59286,294.51428,300.2,297.3,26.8,78.62143,0.0,15.884286,2.0142858,25.614286,5.857143,29.4,21.7,34.2,108
sj,1991,51,1991-12-17,-0.02665,0.04613333,0.1144,0.04045714,298.0843,298.1357,292.86572,299.6,296.6,8.76,72.86143,0.0,14.335714,2.0714285,25.0,6.1571426,28.9,20.6,6.1,78
sj,1991,52,1991-12-24,0.12355,0.1237,0.1379333,0.1297556,296.52142,296.50714,292.04572,299.2,294.3,19.3,76.127144,0.0,13.635715,2.2142856,24.357143,6.1857142,28.3,19.4,13.7,70
sj,1992,1,1992-01-01,0.1251,0.1578667,0.1852833,0.1813667,296.52142,296.50714,292.04572,299.2,294.3,19.3,76.127144,0.0,13.635715,2.2142856,24.357143,6.1857142,28.3,19.4,13.7,81
sj,1992,2,1992-01-08,0.1008333,0.073575,0.1387143,0.1127857,297.91287,298.12143,294.45715,300.4,296.1,18.3,81.3,200.85,15.8785715,2.3,25.657143,7.5,30.6,20.6,58.2,104
sj,1992,3,1992-01-15,0.2224,0.2299,0.1984571,0.1994143,297.33856,297.48572,294.46713,300.2,295.6,19.8,84.11714,3.12,15.832857,1.8571428,25.471428,6.1714287,31.1,21.7,32.3,90
sj,1992,4,1992-01-22,0.1225333,0.13105,0.1888429,0.1688714,297.09143,297.33572,293.02142,299.5,295.6,5.11,78.29143,0.0,14.482857,2.357143,24.857143,7.4428573,30.6,20.0,1.3,85
sj,1992,5,1992-01-29,0.1225333,0.0483,0.1736714,0.1919286,297.42,297.55,292.71857,299.3,295.5,6.5,75.22,0.0,14.185715,2.442857,24.8,6.5857143,28.9,20.0,9.2,55
sj,1992,6,1992-02-05,0.1016,0.0846,0.1117167,0.1879571,296.92,297.12857,292.61716,300.7,294.5,16.2,77.05857,0.0,14.122857,3.4,24.714285,7.357143,30.6,20.0,3.0,53
sj,1992,7,1992-02-12,0.1016,0.1305,0.1957429,0.1788571,297.79858,298.05713,294.65,300.2,295.3,20.1,82.87572,0.0,16.06,2.2,26.028572,6.571429,32.2,20.0,1.3,65
sj,1992,8,1992-02-19,0.1016,0.1844667,0.1946143,0.2030571,297.89856,298.10715,293.62857,300.1,296.3,4.4,77.295715,0.0,15.012857,2.5857143,25.757143,7.385714,33.9,21.7,8.9,33
sj,1992,9,1992-02-26,0.10705,0.0815,0.1652429,0.1630571,297.47287,297.67856,292.96713,299.3,296.3,14.4,76.03714,0.0,14.381429,2.4142857,25.285715,6.1714287,29.4,21.7,16.0,38
sj,1992,10,1992-03-04,0.10705,0.18218,0.1910857,0.1928571,297.65143,297.8,293.31714,299.8,295.7,5.5,76.87857,0.0,14.701428,2.3142858,25.657143,7.8142858,31.1,20.6,2.9,59
sj,1992,11,1992-03-11,0.08685,0.09015,0.128,0.1551,297.63428,297.7857,293.54,299.6,296.1,12.6,78.057144,23.22,14.944285,2.5142858,25.785715,7.757143,31.7,21.7,5.9,40
sj,1992,12,1992-03-18,0.05305,0.08405,0.1417714,0.1345143,297.94714,298.15,293.70856,300.4,295.5,3.56,77.505714,0.0,15.135715,2.7,26.1,7.857143,31.1,21.7,4.8,37
sj,1992,13,1992-03-25,0.05305,0.08405,0.1348429,0.1068,297.21857,297.42856,293.57858,300.3,295.8,21.0,80.23857,0.0,14.968572,2.8,26.2,5.714286,32.2,22.2,2.3,29
sj,1992,14,1992-04-01,0.09995,0.07765,0.1930667,0.1769,297.98285,298.07144,293.88428,300.2,296.0,16.2,78.06715,122.27,15.264286,2.7428572,26.22857,7.5285716,31.1,21.7,24.1,30
sj,1992,15,1992-04-08,0.1039,0.1315,0.1224714,0.1243857,298.68286,298.87857,294.1957,301.6,295.9,11.1,76.37572,43.21,15.612857,3.6142857,26.985714,7.8428574,32.8,21.7,0.0,30
sj,1992,16,1992-04-15,0.07515,0.09743333,0.1590286,0.1729857,297.83142,298.0,294.94287,300.4,296.6,70.6,84.18429,83.11,16.324286,2.142857,26.814285,5.885714,31.7,22.8,24.5,28
sj,1992,17,1992-04-22,0.0922,0.1137,0.1514143,0.1548286,298.08856,298.25714,294.04858,300.6,296.5,25.8,78.42571,36.16,15.452857,2.8285713,26.671429,7.242857,31.7,22.2,4.6,23
sj,1992,18,1992-04-29,0.0125,0.0635,0.07031429,0.08944286,298.19714,298.52142,293.4,302.1,295.6,4.0,74.93285,0.0,14.9,3.6142857,27.37143,6.5,33.9,23.3,1.6,24
sj,1992,19,1992-05-06,0.10875,0.2169,0.1823286,0.2073571,298.33572,298.44287,294.22144,302.1,296.0,45.0,78.48,13.92,15.75,3.0,26.785715,6.9142857,33.9,22.2,32.0,29
sj,1992,20,1992-05-13,0.101875,-0.0088,0.1420667,0.1259,298.3343,298.51428,294.27573,300.4,296.4,27.5,78.38143,2.94,15.687143,2.2285714,27.442858,5.957143,31.1,22.8,8.1,26
sj,1992,21,1992-05-20,0.1024,0.0686,0.06238333,0.0574,298.40857,298.55713,295.76715,301.0,296.8,570.5,85.64714,71.85,17.232857,2.7142856,27.857143,6.7714286,32.8,23.3,22.1,23
sj,1992,22,1992-05-27,0.1215,0.0686,0.2191571,0.2130143,298.61572,298.75,296.3343,301.4,297.0,130.3,87.30143,186.25,17.832857,2.357143,27.428572,5.957143,31.7,23.9,80.2,20
sj,1992,23,1992-06-03,0.12165,0.13995,0.1100857,0.1022286,299.10428,299.22858,296.52286,301.0,297.8,50.0,85.82714,42.24,17.995714,2.1142857,27.5,6.9142857,31.7,22.8,103.9,19
sj,1992,24,1992-06-10,0.08395,0.0856,0.1023714,0.1117714,298.90143,298.9643,296.1543,300.5,297.6,43.8,84.87,43.21,17.57,1.9857143,28.2,6.8714285,32.8,24.4,102.4,20
sj,1992,25,1992-06-17,0.10445,0.15315,0.1811571,0.1920857,298.93143,298.95715,296.04285,301.0,297.0,37.1,84.24857,52.07,17.44143,2.0,28.285715,6.742857,32.8,24.4,29.8,26
sj,1992,26,1992-06-24,0.1302,0.1302,0.13938,0.11475,299.56857,299.55,296.38428,301.8,298.0,33.7,82.777145,52.96,17.807142,1.7285714,28.485714,7.0285716,32.8,23.9,5.4,29
sj,1992,27,1992-07-01,0.1194,0.1439,0.1693286,0.1684714,300.17715,300.37857,296.27573,301.8,298.3,10.0,79.33428,10.74,17.667143,2.2714286,29.22857,6.642857,33.3,25.6,3.1,31
sj,1992,28,1992-07-08,0.1194,0.192,0.1468571,0.1530714,300.2857,300.5643,296.19858,302.2,298.7,5.4,78.49715,1.86,17.568571,2.7857144,28.72857,6.614286,32.8,24.4,1.8,28
sj,1992,29,1992-07-15,0.112,0.1255,0.14214,0.1825333,299.79,299.82858,296.05286,301.8,298.0,46.1,80.15,94.14,17.43,2.0,27.62857,6.042857,31.7,23.9,45.2,26
sj,1992,30,1992-07-22,-0.1396,0.05918,0.1371286,0.1288714,299.22714,299.37143,295.8757,301.1,298.0,69.04,81.98428,33.51,17.248571,2.0285714,27.557142,6.857143,31.7,23.3,41.0,32
sj,1992,31,1992-07-29,0.0539,0.1261333,0.1337714,0.1499143,299.02573,299.10715,295.74573,300.8,297.7,58.8,82.34571,31.12,17.114286,1.8142858,27.971428,6.928571,32.2,22.8,14.2,35
sj,1992,32,1992-08-05,0.152675,0.173275,0.1500429,0.1450571,299.7557,299.91428,296.15857,301.5,297.6,27.1,80.78429,59.22,17.547142,2.4285715,28.071428,6.1,31.7,23.3,16.6,33
sj,1992,33,1992-08-12,0.16395,0.12665,0.2150571,0.2192714,299.21573,299.22144,296.00714,301.3,297.8,81.8,82.75,65.55,17.415714,1.9571428,27.671429,7.5571427,31.7,22.8,41.9,30
sj,1992,34,1992-08-19,0.1146,0.1368,0.1855857,0.1925714,299.49142,299.73572,296.2143,301.9,298.3,61.6,82.31715,68.22,17.601429,2.2428572,28.214285,6.928571,33.9,24.4,42.7,52
sj,1992,35,1992-08-26,0.0875,0.0817,0.1799429,0.2217571,300.06714,300.15714,296.05713,302.2,298.1,28.9,78.86429,27.7,17.45857,2.4285715,28.27143,6.8285713,32.2,23.9,3.1,59
sj,1992,36,1992-09-02,0.0875,0.2175,0.1240143,0.1256571,300.10858,300.15714,296.17572,302.0,298.4,34.36,79.204285,61.55,17.564285,2.2,28.72857,7.4857144,34.4,24.4,6.5,67
sj,1992,37,1992-09-09,0.123975,0.1768,0.2357429,0.2148286,299.72714,299.75714,295.93713,302.2,298.2,87.2,79.93,21.34,17.352858,2.0285714,28.028572,6.542857,32.2,23.9,23.6,65
sj,1992,38,1992-09-16,0.0519,0.07226667,0.1775714,0.1588143,299.97858,300.07144,296.11142,302.2,298.4,32.6,79.52571,41.32,17.54143,2.3428571,28.142857,7.0857143,32.8,23.9,28.9,74
sj,1992,39,1992-09-23,0.1435,0.1435,0.1984,0.2122714,299.29285,299.37857,296.28143,301.4,297.9,116.79,83.7,95.55,17.751429,2.0428572,27.557142,7.242857,32.8,23.3,60.9,70
sj,1992,40,1992-09-30,0.1972,0.12715,0.1581333,0.09435,299.6243,299.70715,296.13,302.3,297.6,34.2,81.29714,97.7,17.604286,2.3,27.971428,7.2285714,33.3,23.3,22.6,61
sj,1992,41,1992-10-07,0.137225,0.10745,0.1771857,0.1911,300.26715,300.32858,296.4243,302.8,298.3,19.4,79.737144,23.1,17.897142,3.2571428,28.885714,7.8,35.0,23.9,0.0,53
sj,1992,42,1992-10-14,0.3371,0.1979,0.1945857,0.1832286,300.11856,300.22858,295.89285,302.6,297.7,11.3,77.83428,18.95,17.30857,2.9714286,29.157143,7.114286,33.3,25.0,8.0,76
sj,1992,43,1992-10-21,-0.0156,0.0312,0.1042167,0.1129833,299.84857,299.91428,295.64572,301.6,298.4,21.5,77.87572,12.18,17.044285,2.5142858,28.657143,7.457143,32.8,23.9,11.9,61
sj,1992,44,1992-10-28,0.1242,0.1254,0.1156,0.1124286,299.80286,299.84286,295.80573,302.3,297.0,25.0,78.91,80.58,17.247143,3.0285714,28.671429,7.285714,33.3,23.9,18.6,57
sj,1992,45,1992-11-04,0.0866,0.1209667,0.2244429,0.2498571,299.80713,299.85,296.27,301.5,298.5,27.7,81.05286,64.0,17.73,2.0714285,28.385714,7.7,33.3,22.2,14.2,44
sj,1992,46,1992-11-11,0.118,0.1422,0.08945,0.0668,299.04144,299.20715,295.07428,300.9,297.4,31.72,79.012856,40.06,16.481428,2.4142857,27.542856,6.8428574,31.7,22.8,161.0,34
sj,1992,47,1992-11-18,0.0764,0.05613333,0.1343714,0.06401429,298.34286,298.2857,294.65286,300.6,296.6,49.97,80.255714,43.44,16.067142,1.8285714,26.685715,7.0,31.1,22.2,26.1,47
sj,1992,48,1992-11-25,0.0971,0.1026333,0.1617143,0.1198286,298.66428,298.74286,296.04144,301.1,296.9,128.1,85.58714,47.42,17.528572,2.0,27.4,6.7714286,32.8,23.3,46.3,60
sj,1992,49,1992-12-02,0.1083,0.074125,0.1750667,0.15275,298.46,298.55,295.25287,300.6,297.0,54.8,82.648575,53.73,16.678572,1.9285715,26.62857,7.242857,31.1,22.2,62.6,60
sj,1992,50,1992-12-09,0.0547,0.1099,0.1981571,0.2159667,298.73428,298.91428,294.65,300.5,297.5,19.23,78.31143,86.28,16.024286,2.1142857,26.914286,7.1857142,31.1,22.2,9.4,53
sj,1992,51,1992-12-16,0.0547,0.066425,0.1923429,0.1941286,298.2857,298.50714,293.82858,300.7,296.4,24.94,76.66143,0.0,15.251429,2.642857,26.685715,8.385715,32.2,21.7,47.5,36
sj,1992,52,1992-12-23,-0.01008,0.06821667,0.0869,0.0733125,297.17285,297.35,292.8,299.1,296.1,23.8,76.75714,0.0,14.3242855,1.9285715,25.914286,6.4857144,29.4,21.7,5.5,31
sj,1993,53,1993-01-01,-0.01008,0.06821667,0.0869,0.0733125,297.17285,297.35,292.8,299.1,296.1,23.8,76.75714,0.0,14.3242855,1.9285715,25.914286,6.4857144,29.4,21.7,5.5,30
sj,1993,1,1993-01-08,0.02835,0.04366667,0.07865714,0.04645714,297.46713,297.55,294.15,299.4,296.1,41.9,81.87857,46.79,15.52,1.9,25.87143,6.5,30.6,21.7,28.0,32
sj,1993,2,1993-01-15,0.03006667,0.03785,0.1318857,0.1092,297.33142,297.34286,293.06857,299.2,296.2,27.5,77.14429,0.0,14.467143,1.7142857,24.5,7.042857,28.3,20.6,23.5,28
sj,1993,3,1993-01-22,0.03006667,0.11345,0.2260571,0.2200286,297.40143,297.62857,293.0757,299.5,296.2,11.2,76.98428,0.0,14.49,2.2,24.857143,7.1285715,30.0,20.0,6.6,33
sj,1993,4,1993-01-29,0.06613333,0.05705,0.1303667,0.1473833,296.96713,297.12857,292.84143,299.2,295.5,21.8,77.862854,0.0,14.307143,2.0857143,24.4,6.1,28.9,20.0,15.2,33
sj,1993,5,1993-02-05,0.047425,0.02253333,0.09238571,0.09468571,297.6243,297.6857,294.03287,300.4,295.6,26.3,80.61,75.97,15.452857,2.0857143,26.671429,7.642857,31.7,19.4,9.4,35
sj,1993,6,1993-02-12,0.2738,0.0558,0.2020857,0.2047857,296.5943,296.8,292.87143,299.7,294.7,14.3,79.825714,0.0,14.385715,2.3428571,25.428572,6.742857,30.0,20.6,2.1,22
sj,1993,7,1993-02-19,0.1108667,0.173375,0.2375143,0.2274143,297.76,297.97144,293.34286,299.6,296.4,7.2,76.53286,14.71,14.752857,2.4857142,26.27143,8.1,31.7,20.6,2.8,13
sj,1993,8,1993-02-26,0.1108667,0.1339,0.2699286,0.2615857,296.7686,296.87143,292.30142,300.1,294.6,21.5,76.21714,0.0,13.827143,2.7714286,25.7,7.3,32.2,20.6,5.5,13
sj,1993,9,1993-03-05,0.1744667,0.1338,0.1584833,0.1399167,297.01428,297.24286,291.91144,299.7,295.2,1.8,73.225716,0.0,13.494286,2.8,25.571428,8.157143,30.0,21.1,2.3,21
sj,1993,10,1993-03-12,0.09403333,0.214,0.2035714,0.2538286,296.42572,296.64285,290.77573,298.9,294.1,2.7,70.64571,0.0,12.582857,2.4857142,24.9,7.614286,29.4,19.4,2.5,17
sj,1993,11,1993-03-19,-0.0411,-0.0436,0.1725333,0.1717714,297.8557,298.01428,293.69287,300.4,295.5,10.5,77.78429,9.68,15.064285,2.6857142,26.928572,8.471429,33.3,21.1,0.5,11
sj,1993,12,1993-03-26,0.03225,0.10315,0.1850143,0.2041857,297.58572,297.67142,293.22287,299.8,296.3,13.0,76.84857,27.0,14.648571,2.2571428,26.142857,7.5285716,31.1,20.6,12.8,8
sj,1993,13,1993-04-02,0.1194,0.08853333,0.1404714,0.1174286,297.34,297.44287,293.81287,299.4,295.7,20.27,80.795715,0.0,15.2,2.142857,26.885714,7.6285715,32.8,22.2,4.1,8
sj,1993,14,1993-04-09,0.1194,0.0423,0.1903667,0.2082143,297.74573,297.89285,293.75287,300.1,296.2,14.2,78.564285,7.49,15.162857,2.357143,27.2,7.714286,32.8,21.1,4.6,6
sj,1993,15,1993-04-16,-0.0158,0.01885,0.068,0.0834,298.01285,298.0,294.0657,300.1,295.9,23.2,78.961426,19.74,15.5,3.057143,27.071428,7.785714,33.3,22.2,11.7,6
sj,1993,16,1993-04-23,0.0828,0.0788,0.1334571,0.1317,297.52856,297.74286,294.07285,300.1,294.5,63.49,81.27143,114.85,15.488571,2.7714286,25.87143,7.4428573,31.1,21.7,8.4,7
sj,1993,17,1993-04-30,0.0828,0.09256667,0.1315167,0.1252286,298.59143,298.69287,295.19427,300.4,297.0,34.3,81.655716,33.35,16.597143,2.4714286,27.485714,8.385715,32.8,22.2,28.3,12
sj,1993,18,1993-05-07,0.07965,0.06415,0.1547429,0.1291571,298.15286,298.1857,295.26,300.1,296.9,40.7,84.08143,37.35,16.658571,1.8571428,26.942858,6.2714286,32.2,22.2,114.3,17
sj,1993,19,1993-05-14,0.07305,0.052,0.1074857,0.1070286,297.67142,297.69287,294.84714,300.4,296.1,142.4,84.52143,34.9,16.267143,2.5,26.471428,6.0,31.1,22.8,18.3,10
sj,1993,20,1993-05-21,0.1769,0.0901,0.1792,0.1866833,298.60428,298.72144,295.32428,301.2,296.4,55.67,82.435715,14.84,16.857143,2.2142856,28.22857,7.2285714,33.9,23.3,4.6,10
sj,1993,21,1993-05-28,0.01645,0.10485,0.05147143,0.0644,299.3643,299.37857,296.67572,301.8,297.6,100.2,85.398575,78.17,18.185715,2.2714286,28.942858,7.2285714,33.9,23.3,32.1,18
sj,1993,22,1993-06-04,0.00305,0.0506,0.1981857,0.1761,298.8443,298.91428,296.45142,301.4,297.3,93.2,86.9,62.2,17.95143,1.9142857,27.642857,5.885714,31.1,22.8,58.3,19
sj,1993,23,1993-06-11,0.1206,0.0506,0.1537714,0.1484857,300.65857,300.73572,296.97858,302.8,298.5,20.2,80.615715,8.48,18.491428,2.642857,29.9,7.385714,34.4,25.0,1.3,12
sj,1993,24,1993-06-18,0.1206,0.0785,0.2209429,0.2193714,299.1843,299.26428,295.74286,301.0,297.7,55.5,81.49286,30.65,17.13,2.1,27.72857,6.785714,32.2,23.3,57.9,22
sj,1993,25,1993-06-25,0.0374,0.1399667,0.1681714,0.1343571,299.52142,299.49286,296.29428,301.8,297.5,74.0,82.608574,93.75,17.712856,1.9571428,27.342857,6.9714284,33.3,22.2,60.4,12
sj,1993,26,1993-07-02,0.1237667,0.1522,0.2154143,0.2187714,299.70428,299.84286,296.51,301.6,298.2,27.5,82.832855,8.49,17.922857,2.0,28.842857,5.8714285,32.8,25.0,7.2,21
sj,1993,27,1993-07-09,0.0689,0.09593333,0.1463429,0.1590429,299.56714,299.62857,296.03,301.6,297.5,72.8,81.148575,37.28,17.407143,1.8857143,28.242857,6.8428574,32.8,24.4,21.0,18
sj,1993,28,1993-07-16,0.0375,0.09203333,0.1833571,0.2203714,299.5843,299.70715,296.05573,301.9,297.7,67.7,81.21571,73.94,17.46,2.5,27.885714,6.5285716,32.2,22.2,92.2,16
sj,1993,29,1993-07-23,0.1204,0.1826,0.1665857,0.1923714,299.89142,299.9643,295.94,302.0,298.3,29.4,79.15,4.81,17.317142,2.4714286,28.5,7.257143,33.3,24.4,13.0,16
sj,1993,30,1993-07-30,0.08285,0.10608,0.12255,0.1236,299.23715,299.26428,296.59286,301.3,298.0,109.0,85.55143,78.03,18.034286,1.7571429,27.942858,6.0,32.2,22.2,71.4,22
sj,1993,31,1993-08-06,0.08285,0.1488,0.2467667,0.2581143,300.06287,300.26428,296.85715,302.0,298.3,12.6,82.88286,12.38,18.327143,2.357143,29.028572,6.5857143,32.8,24.4,0.8,17
sj,1993,32,1993-08-13,0.1016,0.1401,0.2187,0.1692571,300.12143,300.35,296.56143,302.0,298.7,21.8,81.012856,7.25,17.988571,2.3285713,29.028572,6.257143,32.8,25.0,18.1,25
sj,1993,33,1993-08-20,0.0969,0.04966667,0.1970714,0.1632857,299.67,299.77142,296.51285,302.3,297.8,62.7,83.075714,106.83,17.952858,2.2285714,29.414286,6.428571,33.9,24.4,12.7,23
sj,1993,34,1993-08-27,0.10885,0.24925,0.2105714,0.2159143,299.91858,299.98572,296.49,302.1,297.9,26.9,81.72714,1.36,17.917143,2.3142858,28.971428,7.614286,33.3,24.4,17.1,12
sj,1993,35,1993-09-03,0.0979,0.1581,0.1638571,0.1509143,299.9757,300.0357,296.10715,302.0,298.5,34.4,79.62857,30.85,17.527143,2.1857142,28.657143,7.3285713,32.8,24.4,28.8,25
sj,1993,36,1993-09-10,0.1121,0.0688,0.0596,0.05133333,299.7614,299.85715,296.12857,302.6,298.2,42.1,80.68429,43.26,17.561428,2.1714287,28.428572,7.885714,32.8,23.3,43.4,28
sj,1993,37,1993-09-17,0.1199,0.0971,0.2044429,0.1865857,299.67285,299.7857,296.29144,301.9,298.3,50.0,81.79429,14.42,17.704287,1.9428571,28.6,7.3714285,32.8,23.9,23.1,27
sj,1993,38,1993-09-24,0.0054,0.063525,0.1392833,0.1168857,300.06714,300.14285,296.46143,302.4,298.2,57.9,80.90143,71.36,17.952858,2.6857142,28.157143,6.928571,32.8,23.3,8.7,18
sj,1993,39,1993-10-01,0.034,0.0517,0.0726,0.09423333,299.8857,299.94287,296.65143,302.1,298.4,76.0,82.61,72.86,18.12,2.1714287,28.285715,6.9857144,32.8,23.9,26.7,23
sj,1993,40,1993-10-08,0.1213,0.0705,0.1886286,0.1652714,299.59143,299.60715,296.63284,301.1,298.2,55.36,83.84143,27.62,18.104286,1.6714286,28.014286,7.5,33.3,23.3,16.8,23
sj,1993,41,1993-10-15,0.1317,0.0645,0.20515,0.1731857,299.95715,300.04285,296.42572,301.8,298.7,35.8,81.10286,8.01,17.86,1.9428571,28.4,6.9857144,32.2,24.4,27.0,29
sj,1993,42,1993-10-22,0.0129,0.0645,0.1347,0.1496857,300.18143,300.24286,296.16858,302.4,298.0,17.0,78.807144,0.0,17.592857,2.2571428,28.2,7.7,33.3,23.9,6.4,38
sj,1993,43,1993-10-29,0.117,0.1143,0.2702,0.1092667,299.78857,299.72144,296.1143,301.5,298.1,57.6,80.398575,70.07,17.555714,1.9571428,28.071428,7.142857,32.8,23.9,25.4,36
sj,1993,44,1993-11-05,0.117,0.1406667,0.1776167,0.1569,299.8857,299.92142,296.00714,301.9,298.5,16.1,79.50429,0.0,17.44143,2.3,27.9,7.242857,32.8,23.3,4.1,43
sj,1993,45,1993-11-12,-0.1589,0.0493,0.08248333,0.1696,299.22858,299.35,295.29858,300.9,297.8,25.6,79.03714,0.0,16.662857,2.2714286,27.642857,7.7285714,32.8,23.3,6.7,46
sj,1993,46,1993-11-19,0.17315,0.013825,0.17535,0.1117429,298.8457,299.05,295.18857,301.0,297.5,70.71,80.377144,12.5,16.58,1.8428571,27.171429,6.7714286,31.7,22.8,48.8,31
sj,1993,47,1993-11-26,0.1071,0.1818,0.2600571,0.2705857,298.57144,298.67856,295.2557,301.1,296.8,118.1,82.15429,91.81,16.661428,1.8714286,26.885714,6.6,31.7,22.2,46.4,25
sj,1993,48,1993-12-03,0.3572667,-0.0095,0.12734,0.08941429,298.62714,298.72144,294.96573,300.5,297.2,25.7,80.46571,6.09,16.401428,2.0142858,26.785715,8.342857,33.3,21.1,5.5,40
sj,1993,49,1993-12-10,0.3572667,-0.0095,0.1632333,0.08283333,298.21857,298.19287,294.52,300.5,296.6,43.4,80.30286,5.29,15.9328575,2.357143,26.528572,7.0857143,30.6,21.1,20.8,31
sj,1993,50,1993-12-17,-0.2902,-0.06766667,0.1682857,0.08,298.5657,298.58572,294.16,300.8,296.2,28.6,76.85429,14.82,15.571428,2.4571428,26.22857,7.857143,31.1,21.1,7.7,38
sj,1993,51,1993-12-24,-0.0237,-0.02115,0.1181143,0.07024286,298.21857,298.33572,294.23428,301.2,296.1,33.6,78.828575,42.62,15.65,2.557143,26.042856,6.8285713,31.7,21.7,37.6,30
sj,1994,52,1994-01-01,-0.0237,-0.02115,0.1181143,0.07024286,298.52713,298.77856,294.40143,301.0,296.0,3.4,78.01857,5.25,15.78,2.442857,26.971428,8.2,32.8,21.7,0.3,22
sj,1994,1,1994-01-08,-0.1209,0.0193,0.09498571,0.1785143,298.19144,298.2857,293.58572,300.1,296.3,19.5,75.74286,12.6,14.951428,2.057143,25.5,6.742857,29.4,21.1,41.0,31
sj,1994,2,1994-01-15,0.1435,0.0974,0.25425,0.21445,297.59,297.69287,293.72144,299.6,296.0,19.4,79.15,0.0,15.097143,2.2142856,25.457144,7.2714286,29.4,21.1,13.4,26
sj,1994,3,1994-01-22,0.0741,0.1664333,0.151,0.1407143,297.91287,297.94287,293.37,299.7,296.2,16.4,75.98428,0.0,14.775714,2.1142857,25.085714,7.428571,30.0,20.0,26.6,35
sj,1994,4,1994-01-29,0.0912,-0.1162667,0.1635571,0.1985143,297.57144,297.70715,293.53143,299.2,296.3,19.04,78.38143,0.0,14.938571,2.3285713,25.328571,7.042857,29.4,20.6,9.7,36
sj,1994,5,1994-02-05,0.2588,0.2112,0.2200571,0.2156,297.58856,297.7143,293.23,299.8,295.8,21.8,76.825714,0.0,14.634286,2.2,25.785715,7.1,30.0,20.6,3.6,39
sj,1994,6,1994-02-12,0.0882,0.117,0.0768,0.069175,297.51572,297.57144,292.85284,299.2,295.9,11.5,75.31,0.0,14.288571,1.7428571,25.257143,7.5285716,29.4,21.1,9.1,25
sj,1994,7,1994-02-19,0.3633,0.24185,0.2473857,0.2834143,297.7743,297.94287,292.57715,299.4,295.5,7.2,72.88571,0.0,14.02,2.2857144,25.7,7.1571426,30.6,21.1,9.7,31
sj,1994,8,1994-02-26,0.3633,0.09243333,0.1377571,0.07407143,297.45572,297.5643,292.67285,299.3,296.1,11.5,74.788574,0.0,14.157143,2.357143,25.742857,8.571428,30.6,20.6,7.9,37
sj,1994,9,1994-03-05,0.3633,0.1446,0.17415,0.1530833,297.23572,297.33572,293.12857,300.1,295.4,16.7,77.91572,0.0,14.558572,2.5,25.314285,8.542857,30.6,20.6,16.2,33
sj,1994,10,1994-03-12,0.1125,0.1038,0.08821429,0.1224143,297.2686,297.40714,293.88715,299.5,295.5,18.7,81.51857,7.15,15.258572,2.442857,25.885714,7.0571427,31.1,21.7,15.8,25
sj,1994,11,1994-03-19,0.1468,-0.04815,0.1946833,0.14055,297.50143,297.67142,292.8643,299.8,295.6,6.69,75.435715,0.0,14.334286,2.5714285,25.842857,7.957143,31.1,21.1,16.8,24
sj,1994,12,1994-03-26,0.0412,0.1005833,0.1528167,0.1368429,298.01428,298.2143,293.17572,300.5,295.5,2.9,74.64714,0.0,14.617143,3.6571429,26.72857,9.914286,32.8,20.6,0.0,18
sj,1994,13,1994-04-02,0.0978,0.15975,0.1270429,0.1195286,298.28143,298.4643,293.53287,300.1,296.8,6.66,75.082855,46.62,14.945714,2.4714286,26.7,8.342857,33.3,21.1,1.0,23
sj,1994,14,1994-04-09,0.108,0.05093333,0.1369286,0.1190286,298.12,298.3143,293.15143,300.0,296.8,4.4,73.95143,0.0,14.547143,2.4,26.428572,7.7714286,31.1,21.7,2.3,13
sj,1994,15,1994-04-16,0.16435,0.13325,0.1874286,0.1552429,297.53714,297.62143,293.73428,299.6,296.0,37.0,79.51714,0.0,15.147142,2.1,25.971428,6.714286,30.0,21.1,16.7,18
sj,1994,16,1994-04-23,0.16435,0.13325,0.1528286,0.1754571,297.54144,297.73572,292.85284,299.6,296.3,16.6,75.24715,0.0,14.294286,2.1285715,25.971428,6.4,30.0,22.2,28.7,14
sj,1994,17,1994-04-30,0.0805,0.0251,0.09804286,0.09371667,298.32428,298.49286,293.45572,300.9,296.8,4.9,74.51572,0.0,14.881429,2.6142857,26.671429,7.785714,31.7,22.2,13.2,17
sj,1994,18,1994-05-07,0.0652,0.08175,0.1644143,0.1321429,298.92715,299.09286,295.23572,301.1,297.0,14.1,80.35286,68.0,16.62143,2.6714287,27.757143,7.7,33.3,22.8,10.5,22
sj,1994,19,1994-05-14,0.1111,0.0974,0.1165143,0.1063143,298.55713,298.7,294.9243,300.5,297.2,21.1,80.46286,10.46,16.28,1.9428571,27.414286,6.457143,31.7,23.9,3.3,13
sj,1994,20,1994-05-21,0.0742,0.0177,0.1722429,0.1608286,298.47427,298.55,295.38428,300.6,297.3,28.9,83.13571,16.5,16.767143,1.8142858,27.714285,8.1,33.3,22.8,29.3,24
sj,1994,21,1994-05-28,0.1178,0.10975,0.2084714,0.2084857,299.94144,300.22858,296.0643,302.3,297.7,7.9,79.50285,17.52,17.487143,2.8857143,29.1,7.071429,33.9,24.4,6.9,31
sj,1994,22,1994-06-04,0.1097,0.1407,0.2008429,0.1616143,299.59714,299.77856,295.34286,301.7,297.8,16.7,77.66428,6.59,16.712856,2.357143,28.571428,7.3142858,33.3,23.3,1.6,34
sj,1994,23,1994-06-11,0.08005,0.06905,0.06161429,0.05854286,299.32715,299.5357,295.64285,301.3,298.0,21.5,80.38286,42.53,17.015715,2.4714286,28.22857,7.6285715,32.8,23.3,67.3,31
sj,1994,24,1994-06-18,-0.0286,0.06905,0.1592833,0.2158429,299.6057,299.8,295.49142,301.6,298.3,3.7,78.292854,13.82,16.831429,2.4,28.328571,6.7714286,32.8,24.4,5.4,31
sj,1994,25,1994-06-25,-0.0323,0.04215,0.1387429,0.1391143,299.5,299.6357,295.46286,302.2,298.0,26.51,78.704285,38.34,16.837143,2.0428572,28.071428,6.6,32.8,23.9,23.4,38
sj,1994,26,1994-07-02,0.1252667,0.11765,0.1234167,0.1551857,299.86142,300.00714,295.85284,302.3,298.0,22.9,79.027145,12.67,17.22857,2.642857,28.4,6.757143,32.8,23.9,10.2,49
sj,1994,27,1994-07-09,0.12325,0.2155667,0.217,0.1133429,299.1257,299.17856,295.1543,301.5,297.9,54.83,78.80572,15.39,16.47857,1.6428572,27.928572,6.8285713,32.2,23.9,19.5,42
sj,1994,28,1994-07-16,0.1396,0.22405,0.1846714,0.1805857,299.4814,299.65,295.16858,301.5,297.9,18.52,77.30286,9.77,16.502857,2.1285715,28.171429,6.0142856,32.2,23.9,28.7,49
sj,1994,29,1994-07-23,0.0424,0.1201667,0.1943429,0.1907429,299.93286,300.1,295.56287,301.7,297.8,9.9,77.10286,43.28,16.882856,2.3428571,28.257143,6.5285716,32.8,23.9,9.8,55
sj,1994,30,1994-07-30,0.183,0.2658,0.1967286,0.1939,299.97714,300.12857,295.23715,301.5,298.5,3.3,75.435715,2.79,16.58,2.4571428,28.514286,7.2285714,33.3,24.4,1.0,80
sj,1994,31,1994-08-06,0.183,0.1311,0.1752143,0.1122143,299.5757,299.6357,295.36285,301.7,297.4,22.9,77.795715,26.96,16.70857,2.2142856,28.257143,6.9857144,33.3,23.9,48.5,84
sj,1994,32,1994-08-13,0.04465,-0.0402,0.05686667,0.02865,299.5186,299.67856,295.46573,301.5,297.9,12.5,78.58428,30.03,16.831429,2.357143,28.385714,7.785714,33.3,23.9,3.6,72
sj,1994,33,1994-08-20,0.06666667,-0.0157,0.1766167,0.22135,300.01,300.12857,295.48715,302.2,298.3,16.6,76.43714,17.77,16.864286,2.5142858,28.514286,6.7714286,33.3,24.4,20.4,89
sj,1994,34,1994-08-27,0.1564,0.130825,0.1920571,0.1767286,300.3643,300.5357,295.93143,302.7,298.5,11.56,76.92,3.24,17.338572,2.642857,28.571428,6.7,32.8,24.4,4.3,115
sj,1994,35,1994-09-03,0.02185,0.14525,0.2137857,0.2040857,300.39285,300.5357,296.29572,302.7,298.7,20.24,78.48286,59.91,17.705715,2.5285714,29.428572,6.885714,33.9,25.6,11.0,179
sj,1994,36,1994-09-10,0.04585,0.076225,0.2916857,0.2479714,300.07428,300.17856,296.13144,302.4,297.6,28.3,79.13857,19.45,17.52143,2.642857,29.285715,6.357143,33.3,24.4,14.4,202
sj,1994,37,1994-09-17,0.04585,0.076225,0.0955,0.192925,299.95142,300.05713,295.90714,302.2,298.2,70.4,78.75,61.11,17.305714,2.4571428,28.557142,6.9,34.4,23.9,50.8,272
sj,1994,38,1994-09-24,0.04585,0.076225,0.0955,0.192925,299.8857,300.0357,295.96143,302.3,298.1,50.7,79.314285,39.22,17.354286,1.9857143,28.37143,6.1857142,32.2,24.4,34.3,302
sj,1994,39,1994-10-01,0.04585,0.076225,0.0955,0.192925,299.50858,299.64285,295.82144,301.8,297.7,45.2,80.372856,55.88,17.248571,2.6,28.014286,6.7,33.9,23.3,31.5,395
sj,1994,40,1994-10-08,0.04585,0.076225,0.0955,0.192925,300.37714,300.5,295.36285,302.5,298.7,2.8,74.11714,0.63,16.744286,2.6285715,28.714285,6.9,34.4,24.4,8.2,426
sj,1994,41,1994-10-15,0.04585,0.076225,0.0955,0.192925,299.63858,299.62143,295.4814,302.9,297.8,40.8,78.225716,16.7,16.9,2.7285714,28.328571,7.6571426,35.0,23.9,39.2,461
sj,1994,42,1994-10-22,0.04585,0.076225,0.0955,0.192925,300.2386,300.4,295.6857,303.0,298.3,15.81,76.34857,75.57,17.124287,3.0285714,28.571428,7.4428573,35.0,23.9,5.4,381
sj,1994,43,1994-10-29,0.04585,0.076225,0.0955,0.192925,298.81143,298.85715,296.17142,300.5,297.5,64.85,85.417145,111.52,17.641428,1.6571429,27.671429,7.2714286,32.8,23.3,39.2,333
sj,1994,44,1994-11-05,0.04585,0.076225,0.0955,0.192925,299.86716,300.05,295.8457,301.9,298.3,15.6,78.685715,5.41,17.264286,2.3285713,28.157143,6.8428574,32.2,24.4,1.9,353
sj,1994,45,1994-11-12,0.04585,0.076225,0.0955,0.192925,299.29715,299.12857,295.58,301.5,297.2,36.6,80.09571,32.26,16.984285,2.2285714,27.314285,6.928571,31.7,22.2,54.5,410
sj,1994,46,1994-11-19,0.04585,0.076225,0.0955,0.192925,299.19858,299.3,296.1743,302.2,297.5,47.5,83.58428,32.17,17.644285,1.7714286,27.285715,7.3142858,32.8,22.2,47.5,364
sj,1994,47,1994-11-26,0.04585,0.076225,0.0955,0.192925,299.42285,299.45715,296.37714,301.9,297.6,23.7,83.50285,11.16,17.848572,2.4,27.857143,7.6,33.9,23.3,49.3,359
sj,1994,48,1994-12-03,0.04585,0.076225,0.0955,0.192925,298.85144,298.85,294.81287,300.7,296.3,27.4,78.56,17.52,16.178572,2.1,26.885714,7.571429,31.7,21.1,35.9,288
sj,1994,49,1994-12-10,0.04585,0.076225,0.0955,0.192925,297.80856,297.95,295.20428,299.4,296.6,106.09,85.57,45.95,16.58,1.5,26.37143,6.1857142,30.0,22.2,58.2,221
sj,1994,50,1994-12-17,0.04585,0.076225,0.0955,0.192925,298.6243,298.74286,293.93857,300.5,297.2,16.5,75.45571,0.0,15.327143,2.2857144,26.585714,7.4714284,31.7,21.7,7.4,149
sj,1994,51,1994-12-24,0.04585,0.076225,0.0955,0.192925,298.58142,298.69287,294.21143,300.6,296.9,12.2,76.91428,0.0,15.595715,2.7285714,26.642857,8.185715,31.7,22.2,12.9,112
sj,1995,52,1995-01-01,0.2438,0.045,0.2152556,0.1947778,298.83856,299.10715,295.6743,301.5,296.7,30.4,82.86714,71.43,17.067142,3.2714286,27.314285,8.742857,32.8,22.2,9.2,154
sj,1995,1,1995-01-08,0.223075,0.2193333,0.2886167,0.2587429,297.33,297.4,292.73428,300.1,294.7,12.5,75.83857,0.0,14.25,2.3714285,25.7,7.6857142,31.7,20.0,40.4,91
sj,1995,2,1995-01-15,0.223075,0.1416333,0.1755714,0.1716143,298.28427,298.45,293.30856,299.9,296.8,3.59,74.04714,0.0,14.698571,2.357143,25.77143,7.6857142,30.0,21.7,10.5,72
sj,1995,3,1995-01-22,-0.1193,-0.0359,0.2122571,0.2293714,296.5843,296.70715,292.83,299.1,295.0,32.88,79.55286,37.99,14.281428,1.7857143,24.757143,7.114286,28.9,20.0,29.0,56
sj,1995,4,1995-01-29,0.05175,0.1268,0.1772286,0.1340714,297.59286,298.01428,293.53287,300.5,295.0,6.2,78.33,0.0,14.947143,3.6285715,26.12857,9.042857,32.8,20.6,9.9,46
sj,1995,5,1995-02-05,0.05175,0.1449,0.21726,0.2099429,297.35,297.65,293.91,300.2,295.6,43.3,81.40429,0.0,15.274285,2.1571429,25.5,7.285714,31.7,21.1,26.9,37
sj,1995,6,1995-02-12,0.03233333,0.059325,0.1748857,0.1713857,297.8557,298.01428,293.02573,300.5,295.2,3.6,74.655716,0.0,14.46,3.8,26.085714,9.614285,32.8,20.0,0.0,26
sj,1995,7,1995-02-19,0.0614,0.059325,0.1753143,0.2123286,298.22144,298.4643,293.88284,300.5,295.8,10.07,77.02143,0.0,15.227143,2.8142858,26.62857,8.657143,32.2,20.6,2.8,17
sj,1995,8,1995-02-26,0.0935,0.06486667,0.1020143,0.1254143,297.50858,297.51428,293.13284,299.4,295.9,29.08,76.634285,0.0,14.53,1.9714285,25.928572,7.285714,31.7,21.7,29.5,17
sj,1995,9,1995-03-05,0.07355,0.06865,0.12292,0.10996,297.17572,297.25714,293.44427,299.5,295.4,50.73,79.81715,0.0,14.852858,2.4285715,25.242857,8.4,30.6,20.0,51.7,20
sj,1995,10,1995-03-12,0.14535,0.079575,0.1823429,0.1864857,297.08142,297.27856,293.81143,299.4,295.2,36.42,82.05286,0.0,15.191428,2.0714285,25.5,7.0571427,30.0,21.1,16.9,11
sj,1995,11,1995-03-19,0.0739,0.1150667,0.1452,0.1547429,297.11,297.08572,292.82144,299.6,294.6,18.6,77.02,19.43,14.304286,2.057143,25.257143,6.757143,31.7,21.1,16.5,7
sj,1995,12,1995-03-26,0.031,0.23165,0.2074333,0.2497143,296.48,296.70715,290.63144,300.4,294.0,6.7,69.86143,0.0,12.481428,3.3,24.62857,8.414286,31.7,18.9,2.3,16
sj,1995,13,1995-04-02,0.19862,0.259575,0.24515,0.3054571,296.88715,297.04285,290.37857,300.0,293.5,4.6,67.36429,0.0,12.331429,4.0,25.242857,7.757143,30.0,20.0,4.1,14
sj,1995,14,1995-04-09,0.19862,0.2494,0.2327857,0.2684143,297.6657,297.92142,292.55573,300.9,294.6,0.0,73.4,0.0,14.122857,3.6142857,25.971428,8.957143,32.8,19.4,0.0,16
sj,1995,15,1995-04-16,0.19862,0.03495,0.1719143,0.1489429,298.56,298.74286,294.33856,300.6,296.9,2.1,77.60571,5.43,15.735714,2.8285713,27.285715,7.785714,32.8,22.8,0.0,5
sj,1995,16,1995-04-23,0.1017,0.1127,0.2601571,0.2366143,297.83,298.00714,293.5543,300.2,296.0,19.6,77.32143,6.44,15.01,2.6142857,26.657143,7.3,32.8,21.1,72.0,2
sj,1995,17,1995-04-30,0.1281,0.150025,0.2205429,0.1873,297.5114,297.6857,292.1,300.2,295.8,2.7,71.93714,0.0,13.69,2.6571429,26.328571,6.6571426,31.1,21.7,1.0,6
sj,1995,18,1995-05-07,0.1281,0.1521,0.2145429,0.1579714,298.78857,299.07144,294.20285,301.6,297.3,4.1,76.07286,20.96,15.617143,2.942857,27.842857,9.142858,34.4,22.2,2.8,5
sj,1995,19,1995-05-14,0.14345,0.1115,0.1990714,0.1708857,299.13144,299.35715,295.42856,301.8,297.0,9.0,80.26143,9.01,16.822857,3.0,27.77143,7.3,34.4,22.8,29.7,4
sj,1995,20,1995-05-21,0.0363,0.096525,0.1664333,0.1605714,298.99573,299.08572,295.39856,301.7,297.1,17.4,80.865715,119.62,16.788572,2.857143,26.914286,6.2714286,31.1,21.7,101.6,3
sj,1995,21,1995-05-28,0.0322,0.1621333,0.2318286,0.2402714,299.45428,299.57858,295.9943,301.7,297.3,17.3,81.44714,204.62,17.412857,2.3285713,27.22857,7.3428574,31.7,22.2,97.5,4
sj,1995,22,1995-06-04,0.0322,0.2412,0.1024714,0.1095714,299.60284,299.60715,295.99286,302.0,298.1,20.33,80.72714,178.89,17.411428,1.9571428,27.7,7.3285713,33.3,23.3,9.1,16
sj,1995,23,1995-06-11,0.15495,0.0278,0.2666143,0.2119,298.68857,298.65,295.82715,300.2,297.5,86.8,84.34571,106.04,17.217142,1.6428572,27.3,7.142857,31.1,22.8,35.5,8
sj,1995,24,1995-06-18,0.08955,0.0797,0.1817143,0.1559857,299.82858,299.9,295.89285,301.4,298.4,16.57,79.137146,20.16,17.295713,2.3142858,27.77143,7.4714284,32.8,22.8,43.5,7
sj,1995,25,1995-06-25,0.22135,0.2174,0.2199714,0.1920429,300.11572,300.14285,296.6257,302.3,298.2,35.24,81.34,26.56,18.052856,2.0,28.842857,7.3714285,33.3,24.4,10.5,10
sj,1995,26,1995-07-02,0.2319333,0.2115,0.2412286,0.2656857,300.68,300.80713,296.74142,302.7,298.7,13.7,79.38,2.04,18.207144,2.7571428,29.214285,6.3428574,33.9,24.4,15.8,14
sj,1995,27,1995-07-09,0.3093,0.2909,0.2370571,0.2420429,301.00714,301.09286,296.14572,303.2,298.6,9.22,75.06571,41.18,17.565714,3.0428572,29.657143,7.8285713,34.4,25.0,16.0,7
sj,1995,28,1995-07-16,0.3093,0.17265,0.24245,0.2196714,299.94427,299.97858,296.58286,302.0,298.5,60.59,81.96,25.89,18.012857,1.9571428,29.285715,7.6,34.4,24.4,21.4,9
sj,1995,29,1995-07-23,0.1175,0.10775,0.1555714,0.1664857,300.40143,300.66428,296.84857,302.8,299.0,38.3,81.09,36.58,18.354286,2.7285714,29.22857,7.3,33.9,25.0,30.6,11
sj,1995,30,1995-07-30,0.1175,0.1898,0.0942,0.1322286,299.9886,299.95715,297.2443,302.3,298.6,62.31,85.08857,101.64,18.777143,1.6,28.557142,6.571429,33.3,23.9,43.3,23
sj,1995,31,1995-08-06,0.0632,0.09466667,0.1584857,0.2030286,300.0,300.0,297.11,302.5,298.4,102.4,84.37572,60.71,18.672857,2.0857143,28.7,6.757143,33.9,23.9,30.1,17
sj,1995,32,1995-08-13,0.047,0.047,0.1991833,0.1653571,300.26285,300.2857,296.55856,302.4,298.6,40.3,80.39714,19.79,18.042856,2.142857,29.0,6.8142858,33.9,23.3,27.3,19
sj,1995,33,1995-08-20,0.08396667,0.0917,0.1771571,0.1886714,300.5543,300.6857,297.27,303.8,298.2,17.7,82.62572,4.05,18.857143,3.3428571,30.071428,6.9428573,34.4,25.6,8.7,24
sj,1995,34,1995-08-27,0.1131,0.0862,0.1374,0.1324714,299.95285,299.98572,296.88715,301.9,298.1,96.1,83.49143,75.11,18.404285,2.1142857,28.428572,7.6571426,33.3,23.3,66.0,17
sj,1995,35,1995-09-03,0.0326,0.07256667,0.17236,0.1968143,300.1743,300.24286,296.85,302.4,298.5,55.21,82.225716,35.83,18.397142,2.2285714,29.114286,5.928571,32.2,24.4,12.8,28
sj,1995,36,1995-09-10,0.1071,0.1836,0.18515,0.1699571,301.21857,301.35,296.9943,303.9,298.2,8.6,78.14571,20.23,18.545713,3.7,29.571428,7.9142857,34.4,23.9,20.4,40
sj,1995,37,1995-09-17,0.0568,0.0546,0.1436857,0.1392,300.21,300.2,297.05142,302.2,298.1,122.7,82.91143,40.29,18.63,2.3714285,29.37143,7.4428573,35.0,24.4,77.1,33
sj,1995,38,1995-09-24,0.1186333,0.0846,0.1810167,0.2176167,300.06714,300.1357,296.9643,302.5,298.3,82.5,83.314285,121.4,18.528572,2.442857,29.585714,6.9142857,35.6,25.0,71.2,31
sj,1995,39,1995-10-01,0.1068,0.08366667,0.092,0.09934286,300.1557,300.20715,296.77142,301.8,298.7,11.6,81.85429,36.72,18.254286,1.9,29.957144,7.285714,34.4,25.6,13.3,33
sj,1995,40,1995-10-08,0.2808,0.2151,0.1463429,0.1295571,299.78143,299.72858,296.66,301.9,297.2,74.5,83.13571,68.18,18.145714,2.2857144,28.057142,6.7714286,32.2,23.9,45.6,29
sj,1995,41,1995-10-15,0.040825,0.0966,0.1316,0.1375429,299.54,299.5643,296.63428,301.4,298.0,53.98,84.207146,45.63,18.13857,1.8142858,28.385714,6.928571,32.2,24.4,19.1,30
sj,1995,42,1995-10-22,0.033625,0.09466,0.09144286,0.1194429,299.79428,299.84286,296.16144,301.8,297.8,40.8,80.66428,55.67,17.62143,2.0285714,27.842857,7.1714287,33.9,23.3,39.1,36
sj,1995,43,1995-10-29,0.033625,0.1326,0.1581857,0.1374429,299.44144,299.42142,296.33713,301.8,297.6,46.4,83.21429,54.74,17.847143,2.3857143,27.471428,7.257143,32.2,23.3,53.6,48
sj,1995,44,1995-11-05,0.2346,0.07825,0.2700714,0.2854286,299.77286,299.94287,296.17,302.3,298.1,40.4,80.86429,30.3,17.67,3.0,28.042856,7.642857,33.9,23.3,13.5,40
sj,1995,45,1995-11-12,0.0174,0.02905,0.2089143,0.2354857,299.09714,299.2857,295.22,301.1,297.5,32.4,79.40429,0.0,16.604286,1.9142857,27.22857,6.8714285,31.7,23.3,53.6,28
sj,1995,46,1995-11-19,0.0406,0.07475,0.19625,0.1903429,299.62286,299.80713,295.37,301.9,297.8,9.9,77.63857,24.86,16.77,2.557143,27.157143,7.1857142,31.1,22.8,2.8,36
sj,1995,47,1995-11-26,0.0334,0.1148667,0.2400143,0.2549,299.27573,299.4,295.14,301.4,297.7,12.7,78.141426,90.49,16.54143,2.2285714,27.314285,7.3142858,32.2,22.8,5.9,19
sj,1995,48,1995-12-03,0.0334,0.076375,0.2411714,0.1688714,299.45285,299.55,295.83713,301.4,298.0,13.69,80.67714,20.21,17.257143,2.0714285,27.2,7.542857,33.3,22.8,13.5,34
sj,1995,49,1995-12-10,0.1154,0.135,0.2653,0.2371143,299.20142,299.4,294.68713,300.8,297.6,12.8,76.332855,0.0,16.065714,2.2571428,27.014286,7.6571426,31.1,22.2,14.9,23
sj,1995,50,1995-12-17,-0.0139,0.01473333,0.1795,0.1348,298.46143,298.57858,294.7314,300.3,297.4,23.6,79.98572,0.0,16.105715,1.8428571,26.614286,7.0857143,30.6,22.2,20.9,17
sj,1995,51,1995-12-24,-0.0139,0.03596667,0.1808571,0.1116571,298.19427,298.22144,293.97144,300.1,296.5,40.3,77.637146,0.0,15.3714285,1.7,25.714285,5.857143,30.0,22.2,53.9,17
sj,1996,1,1996-01-01,0.014,0.01086667,0.09192857,0.1204429,297.41287,297.45715,294.54,299.5,295.9,57.0,84.13571,6.35,15.888572,1.6571429,25.185715,4.8428574,28.3,21.7,46.5,23
sj,1996,2,1996-01-08,0.1514333,0.1262333,0.1842429,0.1828,298.52856,298.62857,294.66144,300.6,296.7,9.32,79.32143,15.0,16.015715,2.4571428,26.257143,7.642857,31.1,21.7,24.6,14
sj,1996,3,1996-01-15,0.0149,0.07636667,0.1466571,0.1969857,297.75287,297.8643,294.55142,299.6,295.9,50.3,82.51572,55.68,15.917143,2.0714285,25.971428,6.885714,31.1,21.7,40.6,20
sj,1996,4,1996-01-22,0.0958,0.1381,0.2194571,0.2229,297.42285,297.48572,293.80286,299.7,296.1,44.85,80.47714,60.67,15.208571,1.9428571,25.585714,5.857143,28.9,22.2,47.7,13
sj,1996,5,1996-01-29,0.0627,0.1475333,0.2058429,0.2097286,296.62857,296.75714,292.04,298.2,295.0,28.6,75.692856,0.0,13.65,1.9428571,24.785715,6.0285716,28.3,20.0,32.0,23
sj,1996,6,1996-02-05,0.02765,0.04075,0.1646,0.1686857,297.30713,297.4357,292.58142,299.4,295.7,11.9,74.961426,0.0,14.058572,2.1571429,25.157143,6.8142858,29.4,21.1,10.8,20
sj,1996,7,1996-02-12,0.06895,0.13685,0.2188143,0.2143,297.6257,297.6857,293.85,299.9,295.0,15.45,79.66428,29.3,15.238571,2.2285714,25.314285,7.4428573,31.1,21.1,25.5,16
sj,1996,8,1996-02-19,0.06895,0.0583,0.1627857,0.1252143,297.88284,298.09286,293.69858,300.0,296.1,16.7,77.78286,7.2,15.125714,2.7285714,25.971428,7.714286,31.7,21.1,22.1,16
sj,1996,9,1996-02-26,0.076,0.108975,0.2699333,0.2227714,297.59857,297.70715,293.7314,299.6,296.0,15.67,79.19857,177.58,15.1285715,2.3,25.557142,7.214286,29.4,21.1,4.6,23
sj,1996,10,1996-03-04,0.076,0.11005,0.1926667,0.1776429,297.29285,297.47858,292.12857,299.6,295.5,3.2,73.06,9.96,13.695714,2.5285714,25.571428,7.9142857,30.6,20.6,3.3,14
sj,1996,11,1996-03-11,0.03786667,0.0368,0.1764286,0.1658571,297.9886,298.17856,293.56143,299.9,296.6,8.6,76.48286,0.0,14.942857,2.2142856,26.242857,7.2,31.1,21.7,12.7,15
sj,1996,12,1996-03-18,0.07713333,0.1118,0.1855286,0.2112714,297.42856,297.6,293.8343,300.6,295.2,28.0,80.64714,0.0,15.235714,2.5428572,26.2,7.7,32.2,22.2,14.2,4
sj,1996,13,1996-03-25,0.07713333,-0.0457,0.1378857,0.1538429,298.18857,298.3643,293.0843,300.4,296.7,2.8,73.42571,0.0,14.528571,2.9285715,26.4,9.028571,32.2,20.6,0.5,5
sj,1996,14,1996-04-01,0.0448,0.024225,0.0851,0.1079429,297.21,297.40714,293.32144,300.3,295.4,28.8,79.02,0.0,14.727143,2.557143,25.928572,6.9,31.1,21.7,21.6,5
sj,1996,15,1996-04-08,0.0497,0.1488,0.1627286,0.1776429,298.1357,298.20715,294.36572,300.8,296.3,27.9,79.77571,49.18,15.751429,2.5285714,26.22857,7.6857142,32.2,21.7,80.5,11
sj,1996,16,1996-04-15,0.08893333,0.12235,0.2162143,0.2278286,297.85284,298.09286,293.8,300.7,295.7,24.22,78.31143,46.16,15.185715,2.3,26.12857,6.7285714,32.2,21.1,8.9,11
sj,1996,17,1996-04-22,0.08893333,0.1078,0.1786857,0.1805143,298.22858,298.4643,293.28287,300.4,297.0,10.9,74.171425,0.0,14.705714,2.3857143,26.12857,6.4,30.0,22.2,8.2,7
sj,1996,18,1996-04-29,0.3144667,0.1974,0.2231,0.2046286,298.00714,298.09286,293.53857,299.8,296.6,21.5,76.39429,5.63,14.938571,1.8428571,26.014286,6.6285715,30.0,22.2,25.6,4
sj,1996,19,1996-05-06,-0.0464,-0.0384,0.0964,0.09445714,297.71,297.8,292.9157,299.4,296.3,11.1,74.792854,0.0,14.361428,2.1714287,25.442858,6.3285713,29.4,21.7,10.6,6
sj,1996,20,1996-05-13,-0.0464,0.07175,0.1463,0.1586429,297.5957,297.62857,294.45142,300.1,296.2,68.2,82.84,21.7,15.797143,1.7142857,25.842857,5.542857,29.4,22.2,44.8,5
sj,1996,21,1996-05-20,0.0339,0.0557,0.2153167,0.21815,298.65857,298.92142,295.46713,300.7,297.4,17.9,82.78,44.07,16.857143,2.442857,26.72857,6.3428574,30.6,22.8,0.8,2
sj,1996,22,1996-05-27,0.09985,0.1066,0.1409857,0.1087857,299.44144,299.59286,296.23715,301.8,297.5,21.71,82.75143,68.06,17.66,2.8142858,28.114286,6.9142857,33.3,23.3,9.4,4
sj,1996,23,1996-06-03,0.0529,0.080075,0.1793143,0.1579,299.25427,299.19287,296.0057,301.4,297.9,24.38,82.36857,137.06,17.394285,2.0714285,27.814285,7.0285716,32.2,23.9,2.3,2
sj,1996,24,1996-06-10,0.0986,0.0893,0.12375,0.13545,298.74286,298.82858,295.43857,300.6,297.5,43.3,82.23572,27.82,16.8,2.0285714,26.942858,5.9857144,31.1,23.3,40.9,4
sj,1996,25,1996-06-17,0.07125,0.0646,0.1461,0.1561714,298.49,298.5643,295.4357,300.8,297.1,73.7,83.32286,47.93,16.81,1.9285715,26.442858,5.8,30.6,22.8,84.6,6
sj,1996,26,1996-06-24,0.16555,0.1205,0.1861857,0.1705857,299.64142,299.70715,296.04428,301.8,297.6,22.5,80.90714,15.99,17.46857,2.2428572,27.685715,5.928571,32.8,23.3,19.3,6
sj,1996,27,1996-07-01,0.16555,0.07375,0.2217833,0.1834333,299.58142,299.6857,295.8343,301.5,297.5,23.9,80.06143,6.01,17.211428,1.9714285,27.942858,6.3714285,32.2,24.4,5.9,4
sj,1996,28,1996-07-08,0.05763333,0.07825,0.1641167,0.1680333,299.73428,299.83572,296.34143,302.0,297.9,35.23,81.83572,24.35,17.764286,2.2428572,28.014286,6.3714285,32.8,23.3,43.5,6
sj,1996,29,1996-07-15,0.1121,0.095425,0.1674286,0.1645429,299.0186,299.0643,296.1243,301.4,297.1,123.2,84.32286,97.22,17.538572,2.2428572,27.27143,5.6285715,31.1,23.9,53.6,11
sj,1996,30,1996-07-22,0.0038,-0.0106,0.14715,0.1767833,299.7143,299.9643,295.79428,302.0,298.0,15.8,79.19857,14.89,17.145714,2.3285713,27.514286,5.4714284,31.1,23.9,9.9,16
sj,1996,31,1996-07-29,0.09683333,0.115,0.1986143,0.2044429,299.3943,299.45715,296.03,301.4,297.5,39.1,81.91,41.78,17.39,2.2,27.171429,5.1571426,30.0,23.9,79.3,9
sj,1996,32,1996-08-05,0.09683333,0.05435,0.1329714,0.1440857,299.13715,299.12143,296.40857,300.7,297.7,67.71,85.01,34.04,17.81,1.7,27.671429,5.3428574,30.6,24.4,31.9,12
sj,1996,33,1996-08-12,0.0795,0.0291,0.14252,0.2317,299.65143,299.79285,296.07858,301.8,298.1,29.2,80.935715,19.92,17.48,2.6142857,28.014286,6.1285715,31.7,22.8,14.3,13
sj,1996,34,1996-08-19,0.0795,0.09555,0.3094667,0.2312,298.98428,299.04285,296.12857,300.7,297.6,68.7,84.344284,110.91,17.522858,1.9714285,26.785715,6.6285715,31.1,22.8,80.6,27
sj,1996,35,1996-08-26,0.01203333,0.07396667,0.2981857,0.3126,299.9457,300.0357,295.98572,302.4,298.0,33.7,79.27286,15.74,17.422857,2.557143,27.757143,6.214286,33.3,23.9,22.6,21
sj,1996,36,1996-09-02,0.0364,0.03065,0.1729,0.1757857,300.37286,300.74286,296.91144,303.3,298.6,21.95,81.54,10.59,18.485714,3.4571428,28.485714,5.8714285,33.3,23.3,35.1,19
sj,1996,37,1996-09-09,0.1043,0.1068,0.1678667,0.1728,299.80286,299.8857,296.45285,301.5,297.8,89.24,81.98572,63.31,17.97,1.8,27.942858,6.5142856,32.8,23.3,51.1,17
sj,1996,38,1996-09-16,0.1043,0.02845,0.1504286,0.1078167,299.48285,299.44287,296.88,301.3,297.6,151.7,85.69,243.55,18.407143,1.8285714,27.042856,5.8285713,31.7,22.8,305.9,24
sj,1996,39,1996-09-23,0.04044,0.00445,0.1859,0.1818857,300.32,300.44287,297.09286,302.3,299.1,19.32,82.63857,59.12,18.595715,1.8857143,27.87143,6.357143,32.8,23.9,7.3,27
sj,1996,40,1996-09-30,-0.0385,0.06813333,0.1651286,0.1952143,300.0186,300.20715,296.09,302.4,298.6,27.2,79.17714,27.58,17.52143,2.1,27.414286,5.885714,31.1,23.9,20.9,30
sj,1996,41,1996-10-07,-0.0066,-0.0355,0.2071833,0.2196167,299.96286,300.1143,296.46,302.3,298.1,23.54,81.26,28.18,17.94143,2.5428572,27.285715,6.242857,31.7,23.3,17.6,29
sj,1996,42,1996-10-14,-0.0066,0.0609,0.2202286,0.2358,299.8043,299.84286,296.04858,301.8,298.2,23.7,79.957146,4.62,17.485714,2.1714287,27.571428,6.642857,31.7,23.3,8.9,25
sj,1996,43,1996-10-21,-0.0969,-0.0902,0.1490143,0.1663143,300.3443,300.4643,296.71713,302.1,298.7,7.1,80.73428,17.37,18.23,2.642857,29.042856,7.385714,33.9,24.4,6.6,35
sj,1996,44,1996-10-28,0.00525,0.0158,0.1809429,0.1463571,299.25143,299.34286,295.72,302.3,297.7,65.2,81.13,16.06,17.144285,2.0857143,27.042856,6.1,31.1,21.7,28.9,33
sj,1996,45,1996-11-04,-0.05675,-0.00865,0.1236143,0.1353,299.16858,299.23572,296.26,301.5,297.5,59.22,84.11143,51.59,17.70143,2.0428572,26.842857,6.285714,31.1,22.2,35.6,30
sj,1996,46,1996-11-11,-0.03006667,0.0881,0.07505714,0.098,298.24573,298.2143,295.26572,299.7,296.8,219.9,83.64,34.32,16.677143,1.8,26.157143,6.0285716,30.0,22.2,25.0,29
sj,1996,47,1996-11-18,-0.03006667,0.039525,0.06076667,0.0578,298.47714,298.55713,295.43857,300.5,296.8,113.55,83.39714,42.76,16.842857,1.6,25.87143,5.6,29.4,22.2,88.3,31
sj,1996,48,1996-11-25,-0.03006667,0.1038667,0.1649714,0.1447714,298.19714,298.42142,295.66714,300.5,296.6,49.0,86.07143,65.18,17.12857,2.0428572,25.614286,4.5857143,28.3,22.8,39.5,29
sj,1996,49,1996-12-02,-0.1171,-0.01016667,0.2602714,0.2308429,297.64285,297.67856,292.94144,299.7,295.6,20.57,75.292854,0.0,14.458571,1.9,25.014286,5.0571427,28.3,21.7,19.6,22
sj,1996,50,1996-12-09,-0.1171,0.0495,0.1559143,0.176,297.82715,297.97858,292.66287,300.6,295.2,3.8,73.25285,0.0,14.245714,2.7571428,24.8,6.571429,30.0,20.6,3.1,27
sj,1996,51,1996-12-16,-0.1171,0.1639,0.1702286,0.1818571,296.6357,296.77142,292.78714,299.1,295.6,40.7,79.372856,0.0,14.332857,1.8285714,24.957144,4.7,28.9,21.1,25.4,24
sj,1996,52,1996-12-23,0.0214,0.0214,0.156975,0.1470375,297.03143,297.1143,291.4243,299.0,294.5,3.93,71.06286,0.0,13.152857,2.4857142,24.514286,5.785714,27.8,19.4,4.0,26
sj,1997,1,1997-01-01,0.1526333,0.1094,0.2077429,0.1732857,299.67715,299.82144,295.01428,301.5,297.7,3.24,75.67857,0.0,16.377142,2.357143,26.62857,7.714286,31.7,21.7,0.5,29
sj,1997,2,1997-01-08,0.1526333,0.1839,0.2683714,0.1435857,297.18857,297.42856,293.55856,299.2,295.6,24.14,80.3,0.0,14.967143,2.3714285,24.671429,5.642857,27.8,21.1,29.0,22
sj,1997,3,1997-01-15,-0.1459,0.0338,0.2233714,0.2170857,297.56857,297.66428,292.79715,299.4,296.1,7.79,74.94,0.0,14.278571,2.2428572,24.385714,6.6571426,28.9,19.4,0.6,33
sj,1997,4,1997-01-22,0.0495,0.07316667,0.1704714,0.1861429,297.48572,297.74286,293.78714,300.9,295.2,23.5,80.09286,6.65,15.174286,3.142857,24.9,6.428571,28.9,21.1,2.0,24
sj,1997,5,1997-01-29,0.0451,0.04505,0.1107571,0.1018,296.74142,296.84286,293.53287,298.9,295.3,81.3,82.38857,66.05,14.898571,1.8285714,24.62857,4.6857142,28.3,21.1,58.9,30
sj,1997,6,1997-02-05,0.04245,0.03413333,0.1372714,0.1156857,297.27,297.40714,292.5757,299.1,295.8,14.3,75.075714,53.52,14.058572,2.0714285,23.7,6.1,27.8,19.4,49.5,20
sj,1997,7,1997-02-12,0.0455,0.1281,0.1796714,0.1705857,297.12,297.29285,293.63715,298.8,295.7,50.58,80.94714,24.98,15.017143,1.7,24.571428,5.7,27.8,21.1,25.4,17
sj,1997,8,1997-02-19,0.0297,0.07732,0.1488286,0.1815429,297.58713,297.7143,293.22144,299.2,296.2,15.14,76.71286,0.0,14.614285,2.057143,24.685715,6.2714286,28.3,21.1,22.9,24
sj,1997,9,1997-02-26,0.0297,0.04896667,0.15534,0.1579,297.26428,297.35715,292.47287,298.8,295.7,15.1,74.63143,0.0,13.931429,2.1714287,24.471428,5.542857,27.8,21.1,30.0,28
sj,1997,10,1997-03-05,0.0297,0.04896667,0.2277,0.2670143,297.29285,297.39285,292.41,299.0,295.5,9.5,74.255714,0.0,13.885715,2.2142856,24.571428,4.9857144,27.8,21.1,15.5,18
sj,1997,11,1997-03-12,0.0297,0.0864,0.1700714,0.1512429,297.13858,297.35,292.49573,299.3,295.8,14.3,75.372856,0.0,13.977143,2.1571429,24.357143,5.785714,27.8,21.1,13.8,13
sj,1997,12,1997-03-19,0.1409,0.12525,0.2582143,0.2533286,297.07858,297.22144,292.76715,299.1,296.0,17.92,76.90429,0.0,14.222857,1.9,24.742857,6.5857143,28.9,21.1,15.2,9
sj,1997,13,1997-03-26,0.11245,0.107,0.2076143,0.2154,297.72144,297.92142,292.75858,300.6,295.7,7.0,74.11857,0.0,14.227143,3.442857,25.314285,8.071428,31.1,20.6,1.5,14
sj,1997,14,1997-04-02,0.11245,0.123,0.1983167,0.1916833,297.69287,297.85715,292.77573,299.9,295.5,5.9,74.20571,0.0,14.231428,2.6857142,25.085714,7.457143,29.4,20.6,2.9,11
sj,1997,15,1997-04-09,0.0602,0.069825,0.2164286,0.2027714,296.5957,296.6357,291.84286,300.7,294.3,18.73,74.85,6.65,13.492857,2.3857143,25.357143,5.614286,31.1,21.7,0.6,11
sj,1997,16,1997-04-16,0.033075,0.05155,0.2085429,0.2354857,297.17856,297.4643,291.6743,299.6,295.1,7.5,71.55857,0.0,13.35,2.7857144,25.9,7.928571,31.7,20.0,0.8,19
sj,1997,17,1997-04-23,0.0388,0.023,0.2024429,0.2222571,298.82144,299.05,294.09857,301.7,296.7,16.2,75.417145,0.0,15.501429,3.8428571,27.671429,9.614285,34.4,21.1,0.0,10
sj,1997,18,1997-04-30,-0.0035,0.007333333,0.1991,0.1928833,299.20428,299.3857,294.82,301.7,296.7,4.0,76.95286,5.73,16.17,3.4571428,27.77143,8.271428,33.9,22.8,0.5,8
sj,1997,19,1997-05-07,-0.0597,0.0331,0.1650857,0.1324571,299.35,299.50714,294.72714,301.1,297.8,1.5,75.87857,0.0,16.078571,2.7,27.928572,8.428572,33.9,23.3,0.3,8
sj,1997,20,1997-05-14,0.1019,0.0747,0.1175167,0.1297857,298.85,298.98572,294.79858,301.4,297.1,27.3,78.53714,33.03,16.144285,2.5428572,27.571428,8.671429,32.8,22.2,12.6,9
sj,1997,21,1997-05-21,0.0798,0.1065333,0.1590333,0.09873333,299.24142,299.3857,294.66144,301.1,297.8,10.1,75.98286,0.0,15.997143,2.4285715,27.585714,7.0857143,32.2,23.9,12.9,3
sj,1997,22,1997-05-28,0.0235,0.05535,0.2090857,0.1450571,299.28143,299.4357,295.26285,301.4,297.7,10.5,78.711426,64.1,16.66,2.6714287,27.314285,7.0285716,31.7,22.8,30.5,7
sj,1997,23,1997-06-04,0.0557,0.08895,0.1841571,0.1623571,298.99573,299.04285,295.97858,300.6,297.9,41.7,83.48572,118.35,17.368572,1.9714285,27.27143,7.071429,32.8,22.2,31.3,14
sj,1997,24,1997-06-11,0.1197,0.0904,0.1477167,0.1914143,300.00143,300.26428,296.1743,302.3,298.2,9.9,79.74571,0.0,17.62,2.8714285,28.6,7.0,32.8,23.9,0.3,4
sj,1997,25,1997-06-18,0.0108,0.05426667,0.1710429,0.2157,300.36716,300.6,296.41144,302.6,298.0,7.8,79.36429,2.43,17.847143,2.9142857,29.014286,7.5142856,33.9,23.9,0.5,9
sj,1997,26,1997-06-25,0.0749,0.07762,0.1302143,0.1368,300.04428,300.09286,296.32285,302.0,298.4,23.4,80.24571,34.69,17.732857,2.1857142,28.657143,6.6857142,32.8,23.9,18.6,14
sj,1997,27,1997-07-02,0.1012,0.09026667,0.1940286,0.1983714,300.29572,300.51428,296.2386,302.3,298.3,24.3,78.63857,38.84,17.635714,2.9142857,28.414286,6.428571,32.2,24.4,4.1,7
sj,1997,28,1997-07-09,0.0883,0.07483333,0.1354571,0.1118571,300.4886,300.64285,296.4157,302.3,299.0,21.3,78.62,5.87,17.845715,2.4285715,29.014286,7.542857,33.9,23.9,8.7,9
sj,1997,29,1997-07-16,-0.0562,0.0112,0.1573143,0.1659714,300.0943,300.17142,296.5114,302.2,298.1,35.4,80.917145,24.42,17.948572,2.5428572,28.614286,6.742857,32.8,24.4,40.9,3
sj,1997,30,1997-07-23,-0.1562,0.0112,0.1646429,0.1496857,299.95856,299.94287,296.60284,302.7,298.2,73.74,82.13286,41.34,18.045713,1.7714286,27.9,6.285714,31.7,23.3,51.2,3
sj,1997,31,1997-07-30,0.1393,0.07825,0.2511714,0.1919429,300.11716,300.2143,296.21573,302.4,297.8,33.6,79.454285,29.9,17.617144,2.7428572,27.828571,6.6,31.7,22.8,16.3,14
sj,1997,32,1997-08-06,0.0981,0.0981,0.1404571,0.1142286,300.29428,300.41428,296.73572,302.5,297.8,28.6,81.10429,19.57,18.18,2.5142858,28.642857,5.9428573,32.2,25.0,5.2,12
sj,1997,33,1997-08-13,0.008933333,0.046675,0.1411,0.1585714,299.84,299.99286,296.57285,301.9,298.1,42.79,82.39286,57.65,17.988571,2.4714286,28.285715,6.614286,32.8,23.9,53.4,10
sj,1997,34,1997-08-20,0.008933333,0.11135,0.1741857,0.1446,299.7614,299.8,296.65857,301.8,298.2,45.7,83.28,20.35,18.091429,2.0285714,28.414286,6.5142856,32.2,24.4,52.3,21
sj,1997,35,1997-08-27,0.06065,0.08936667,0.1869714,0.2091857,300.26572,300.33572,296.70428,302.5,298.8,35.9,81.14286,94.72,18.182858,2.1,27.985714,6.4428573,32.2,22.8,50.0,26
sj,1997,36,1997-09-03,0.1072,0.1159667,0.2084,0.1735571,300.13858,300.12143,296.8043,302.0,298.5,35.9,82.22,8.83,18.30857,2.0714285,28.72857,6.5857143,32.8,25.0,17.0,47
sj,1997,37,1997-09-10,0.03495,0.0815,0.1973143,0.1827714,300.54858,300.72144,297.41428,302.6,298.9,46.4,83.16428,11.47,19.044285,2.5857143,28.957144,6.1285715,32.8,24.4,15.8,42
sj,1997,38,1997-09-17,-0.049,0.01545,0.1992286,0.1866286,300.68286,300.80713,297.24713,303.6,299.0,36.89,81.80857,86.14,18.828571,2.5857143,28.9,6.6714287,34.4,25.0,18.1,31
sj,1997,39,1997-09-24,0.12258,0.09823333,0.1432143,0.1434143,300.42,300.51428,296.3857,302.6,298.0,39.6,78.78,13.18,17.828571,2.4,28.4,6.742857,32.2,23.9,25.4,34
sj,1997,40,1997-10-01,0.1123,0.1054,0.2000571,0.1438857,300.13284,300.20715,297.2686,302.6,298.7,39.0,84.43714,46.15,18.814285,2.1285715,27.585714,6.757143,32.2,21.7,31.2,33
sj,1997,41,1997-10-08,0.0019,0.095825,0.09027143,0.0999,300.5643,300.73572,296.78714,303.2,298.5,26.0,80.08428,70.29,18.31,2.642857,28.5,7.3,33.3,23.3,44.4,52
sj,1997,42,1997-10-15,-0.01515,0.0831,0.2018667,0.2107333,299.47858,299.4357,296.4357,302.9,297.6,182.0,83.575714,99.33,17.927143,1.8428571,27.357143,6.428571,31.1,22.8,6.3,56
sj,1997,43,1997-10-22,-0.01515,0.1966,0.3152429,0.2916429,299.60858,299.84286,296.3043,302.3,296.4,27.34,82.23428,80.85,17.818571,3.3428571,27.7,5.885714,32.8,23.9,8.7,70
sj,1997,44,1997-10-29,-0.01515,0.1695,0.2978143,0.2102,300.38144,300.55,296.10144,302.3,298.1,7.27,77.53286,0.78,17.551428,2.7,28.385714,5.8142858,32.8,24.4,0.0,112
sj,1997,45,1997-11-05,0.07745,0.1695,0.1989571,0.1767429,300.03143,300.09286,295.6957,301.9,298.6,9.5,77.307144,2.08,17.095715,2.0428572,27.742857,6.114286,31.1,23.9,27.1,70
sj,1997,46,1997-11-12,0.0695,0.12345,0.1481429,0.1022714,299.68713,299.79285,295.3457,302.6,297.9,9.0,77.16286,18.83,16.764286,2.2428572,27.342857,7.4,32.8,22.8,34.6,47
sj,1997,47,1997-11-19,0.0695,-0.1026,0.2017857,0.1477857,299.49142,299.52856,296.31287,301.8,298.0,40.5,82.76572,50.55,17.738571,1.8,27.328571,6.0,31.1,23.9,6.1,48
sj,1997,48,1997-11-26,0.2192,0.1606,0.1749286,0.2117571,299.62,299.7,296.33713,301.9,297.9,42.9,82.27,4.76,17.77143,2.2,27.257143,5.6714287,30.6,23.9,81.8,49
sj,1997,49,1997-12-03,0.0568,0.0661,0.3493143,0.3120714,299.45572,299.50714,295.5757,301.3,298.2,14.7,79.39571,3.01,17.001429,1.8714286,26.671429,6.614286,31.7,23.3,39.9,66
sj,1997,50,1997-12-10,0.0568,-0.0448,0.2314143,0.2354714,300.13284,300.35,295.15286,302.0,298.8,0.3,74.281425,0.0,16.53,2.6714287,26.757143,8.257143,32.2,21.7,0.0,56
sj,1997,51,1997-12-17,0.0568,1e-04,0.2579571,0.2339,299.63858,299.66428,294.79572,301.6,298.1,3.9,74.795715,0.0,16.145714,2.4714286,26.571428,7.3,32.2,22.2,1.5,61
sj,1997,52,1997-12-24,0.0663,0.075925,0.2132111,0.2257889,299.2143,299.2857,295.35144,301.7,297.6,16.3,79.47,22.52,16.704287,2.5714285,26.714285,7.571429,31.7,22.2,17.3,67
sj,1998,1,1998-01-01,0.0455,0.0478,0.1239857,0.08344286,299.2143,299.2857,295.35144,301.7,297.6,16.3,79.47,22.52,16.704287,2.5714285,26.714285,7.571429,31.7,22.2,17.3,64
sj,1998,2,1998-01-08,0.05076667,0.0341,0.2233714,0.1341571,298.82715,298.99286,295.03,300.7,297.2,44.4,79.63143,10.59,16.362858,2.1571429,26.357143,6.142857,31.7,22.8,33.3,68
sj,1998,3,1998-01-15,-0.01615,-0.008225,0.2047143,0.1985714,297.61285,297.6857,294.85284,300.2,296.4,53.2,84.69428,106.97,16.20857,1.8857143,24.885714,5.857143,29.4,20.6,152.4,49
sj,1998,4,1998-01-22,0.1797,0.03345,0.2514571,0.1921,298.61142,298.8,294.51,300.6,296.8,8.4,78.18285,0.0,15.881429,2.4,25.614286,6.4857144,29.4,21.1,4.8,50
sj,1998,5,1998-01-29,0.13155,0.045825,0.1461143,0.1313571,298.69427,298.85715,294.19,300.6,297.0,16.3,76.26143,7.72,15.561429,2.3428571,26.542856,7.257143,31.1,22.2,1.3,56
sj,1998,6,1998-02-05,-0.0479,-0.0525,0.1274857,0.09734286,298.57858,298.80713,293.97144,301.3,296.6,8.6,75.777145,0.0,15.361428,3.2714286,26.585714,8.114285,31.7,21.1,0.0,75
sj,1998,7,1998-02-12,0.11825,0.0559,0.1819,0.1763143,299.05856,299.25,295.62857,302.2,296.7,18.5,81.612854,142.6,17.088572,2.9571428,27.257143,6.9,32.2,22.8,79.2,63
sj,1998,8,1998-02-19,0.11825,0.0754,0.2395714,0.2387,297.59,297.83572,291.90143,300.2,296.2,3.1,70.70143,0.0,13.512857,2.2428572,24.414286,6.0857143,28.9,20.0,8.7,62
sj,1998,9,1998-02-26,0.1545,0.0849,0.24338,0.1549833,298.89285,299.12857,294.1143,300.6,297.8,1.1,75.01572,0.0,15.477143,2.2857144,26.27143,7.9428573,31.1,21.1,6.4,41
sj,1998,10,1998-03-05,0.06366667,0.09633333,0.1728429,0.1622143,297.6557,297.79285,293.5,301.1,295.0,10.3,77.924286,0.0,14.935715,2.8428571,25.614286,7.257143,32.2,21.1,7.0,50
sj,1998,11,1998-03-12,0.06366667,0.0797,0.1391714,0.1625286,298.27856,298.3857,294.69714,301.2,295.7,42.78,80.77857,0.0,16.081429,2.2285714,25.814285,6.9,32.2,21.1,15.1,34
sj,1998,12,1998-03-19,0.0604,0.08823333,0.2129286,0.2124143,298.17572,298.37143,292.90714,300.4,296.2,0.6,72.64286,0.0,14.367143,2.5142858,24.885714,7.0142856,28.9,20.6,27.7,31
sj,1998,13,1998-03-26,0.0604,0.0731,0.1881667,0.1685,298.50287,298.66428,294.09857,300.7,296.5,21.0,76.67571,0.0,15.48,2.557143,26.22857,6.9,31.1,22.2,16.5,38
sj,1998,14,1998-04-02,0.0672,0.02766667,0.1485333,0.1277429,298.04428,298.19287,294.62857,301.1,296.5,41.2,81.405716,72.98,15.998571,2.5285714,25.714285,6.2,31.7,21.7,15.5,30
sj,1998,15,1998-04-09,0.048,0.0652,0.09894286,0.1027714,297.87143,298.2,294.21573,300.8,295.6,19.0,80.19,12.01,15.635715,3.0,26.028572,6.357143,31.7,21.7,10.7,32
sj,1998,16,1998-04-16,0.0308,0.076,0.1139714,0.1258571,298.47287,298.57858,294.97,300.7,296.5,23.9,81.14571,0.0,16.402857,2.1571429,26.928572,6.114286,33.9,22.2,7.9,26
sj,1998,17,1998-04-23,0.0671,0.09136667,0.1444857,0.1479571,297.73572,297.79285,293.54285,299.8,296.2,24.3,77.71286,22.22,15.014286,2.1571429,25.6,5.857143,29.4,21.7,73.4,30
sj,1998,18,1998-04-30,0.1063,0.0461,0.2191857,0.2073286,299.5657,299.83572,295.8343,301.5,298.2,11.7,80.07286,71.64,17.231428,2.357143,26.87143,6.9,31.1,22.8,16.3,36
sj,1998,19,1998-05-07,0.1063,0.09693333,0.1582429,0.1198143,299.13284,299.29285,294.82715,301.3,297.7,17.6,77.33143,0.0,16.221428,2.1857142,26.785715,6.2,31.1,22.2,6.9,35
sj,1998,20,1998-05-14,0.1063,0.04255,0.1317833,0.1003,299.2,299.4,295.11,302.9,296.6,10.3,78.40143,55.76,16.502857,3.6285715,27.142857,7.0142856,33.9,22.2,7.1,46
sj,1998,21,1998-05-21,-0.003,0.033625,0.1648667,0.1742,300.0243,300.08572,297.06287,302.9,297.8,53.7,84.07143,56.4,18.614286,2.8285713,27.914286,6.9714284,34.4,23.3,59.1,48
sj,1998,22,1998-05-28,0.0484,0.0372,0.1550833,0.1645167,299.84286,299.9357,297.02,302.3,298.4,59.4,84.63571,15.86,18.511429,2.1857142,27.971428,5.6571426,31.1,24.4,13.8,44
sj,1998,23,1998-06-04,-0.0427,0.07076667,0.1536,0.1221429,299.61856,299.80713,296.35144,301.4,298.1,35.8,82.46,8.19,17.765715,2.3285713,27.857143,6.2,32.2,23.9,10.5,51
sj,1998,24,1998-06-11,0.12125,0.12125,0.2368143,0.2751714,300.75714,300.84286,297.45142,302.7,299.2,20.7,82.30572,86.21,18.991428,2.4285715,28.428572,6.9857144,32.8,23.9,38.6,59
sj,1998,25,1998-06-18,0.0725,0.0509,0.2078286,0.1756286,300.51715,300.5643,296.4357,303.0,298.9,15.4,78.53,49.52,17.854286,2.3857143,28.1,6.5285716,32.8,23.9,23.4,71
sj,1998,26,1998-06-25,0.03745,0.0167,0.1447,0.1523571,299.94427,299.95,296.99573,302.3,298.3,71.33,84.02571,72.08,18.47,2.357143,28.214285,6.742857,32.2,23.9,20.6,102
sj,1998,27,1998-07-02,0.0715,0.096075,0.1718429,0.1558857,300.5957,300.72144,296.84714,302.7,299.0,33.31,80.08572,20.06,18.278572,2.3,28.614286,5.857143,32.2,25.0,0.0,128
sj,1998,28,1998-07-09,-0.03095,0.0628,0.1886286,0.1695286,300.45285,300.4357,296.9243,302.9,298.5,45.31,81.29,54.05,18.391428,2.3,28.385714,6.742857,32.8,22.8,11.7,127
sj,1998,29,1998-07-16,0.0289,0.04713333,0.08254286,0.06893333,300.33713,300.45715,296.28857,302.8,298.1,30.86,78.99,10.42,17.715714,2.7142856,28.385714,7.071429,33.3,23.9,62.5,150
sj,1998,30,1998-07-23,0.0554,0.1065,0.1776429,0.1602571,299.82285,299.8857,296.50287,302.2,298.1,93.68,82.21286,68.74,17.945715,1.8857143,27.557142,6.6857142,31.7,23.9,81.9,191
sj,1998,31,1998-07-30,0.14065,0.127,0.26975,0.2465286,300.06143,300.0357,297.03857,302.0,298.5,107.87,83.74286,16.03,18.547142,2.0428572,28.27143,5.7285714,31.7,23.9,20.5,256
sj,1998,32,1998-08-06,0.02866667,0.057625,0.1758571,0.1526857,300.66287,300.8857,297.12714,303.2,298.6,27.7,81.21714,25.79,18.631428,2.9142857,28.457144,6.1857142,32.2,24.4,6.2,329
sj,1998,33,1998-08-13,0.05346667,0.0935,0.1854333,0.1739,300.66858,300.62143,297.45715,303.1,298.9,55.9,82.8,38.44,19.015715,2.2714286,29.071428,6.3428574,32.8,24.4,3.8,263
sj,1998,34,1998-08-20,0.1072,0.0567,0.1809667,0.1720333,300.36716,300.35,297.46713,303.0,298.9,63.2,84.20286,24.34,19.01,1.7285714,29.214285,6.4142857,32.8,25.0,20.4,220
sj,1998,35,1998-08-27,0.0307,0.07575,0.1548167,0.1902571,300.46857,300.57858,297.40143,303.1,298.7,98.3,83.45,96.58,19.027143,2.6714287,28.042856,6.8285713,33.9,23.3,146.4,204
sj,1998,36,1998-09-03,0.0388,0.05403333,0.1585429,0.1456429,300.68713,300.70715,297.32858,303.4,298.4,52.5,82.192856,47.74,18.908571,2.9,28.757143,7.1285715,33.9,22.8,27.4,181
sj,1998,37,1998-09-10,0.07465,0.05796667,0.1518857,0.122,300.14716,300.2,297.16,302.0,298.7,73.6,84.00285,72.73,18.724285,2.0285714,28.328571,6.8428574,32.2,24.4,61.3,99
sj,1998,38,1998-09-17,0.07465,0.0401,0.1554833,0.14148,300.58713,300.60715,297.27573,303.0,298.8,33.83,82.332855,35.03,18.847143,2.1857142,28.72857,6.9857144,34.4,24.4,39.7,54
sj,1998,39,1998-09-24,0.05085,0.04685,0.2315857,0.2066857,300.13,300.1857,297.06,302.1,298.8,55.8,83.33143,82.87,18.581429,1.8571428,27.77143,6.2285714,32.2,24.4,123.6,80
sj,1998,40,1998-10-01,-0.0022,0.0382,0.1618857,0.1683143,300.59714,300.75714,296.53857,302.9,298.5,124.4,78.78286,223.61,18.061428,2.8,27.914286,6.285714,32.8,23.9,24.7,102
sj,1998,41,1998-10-08,-0.0022,-0.019,0.1630571,0.1492,300.71286,300.74286,296.92142,302.9,298.9,28.3,79.99857,33.26,18.418571,2.3428571,28.257143,5.5,31.7,24.4,25.0,127
sj,1998,42,1998-10-15,-0.0022,0.08155,0.1864143,0.1386857,300.79572,300.85715,296.61285,302.9,299.3,18.5,78.09857,25.94,18.091429,2.6857142,27.757143,6.3142858,31.7,23.3,15.5,73
sj,1998,43,1998-10-22,0.0213,0.085,0.1969667,0.1962,300.24713,300.23572,296.9,301.9,298.8,36.5,82.038574,32.09,18.41,2.1285715,28.157143,6.928571,33.9,23.9,26.7,68
sj,1998,44,1998-10-29,-0.0359,-0.0726,0.1117286,0.09242857,299.84857,299.98572,296.86716,302.1,297.7,92.4,83.865715,182.46,18.375713,2.0857143,27.714285,6.1285715,32.8,23.3,54.6,64
sj,1998,45,1998-11-05,-0.0359,-0.00225,0.2212286,0.1698,299.65286,299.69287,296.94287,301.7,298.5,89.5,85.12,121.65,18.484285,1.7857143,27.428572,6.457143,31.1,23.3,81.5,55
sj,1998,46,1998-11-12,0.003866667,-0.05725,0.1859167,0.09834286,300.00287,300.05,296.42,302.4,297.9,36.1,80.91428,18.07,17.868572,2.0714285,27.785715,6.6714287,32.8,23.3,8.7,67
sj,1998,47,1998-11-19,0.003866667,-0.05725,0.2537429,0.2166143,298.67572,298.65714,296.18286,300.3,297.3,143.4,86.21429,110.03,17.627142,1.4857143,26.72857,6.214286,30.6,23.3,71.3,84
sj,1998,48,1998-11-26,0.0501,0.06575,0.1662429,0.1467571,299.23285,299.32144,295.49286,301.4,297.4,57.1,80.02143,0.0,16.867144,2.0142858,26.557142,5.6857142,30.0,22.8,29.8,85
sj,1998,49,1998-12-03,0.05675,0.06565,0.06918571,0.05278571,298.30142,298.25714,295.17285,300.4,296.5,115.77,83.024284,22.35,16.587143,1.8857143,25.642857,5.9428573,29.4,22.2,48.2,67
sj,1998,50,1998-12-10,0.0619,0.002633333,0.2133,0.1730143,298.0943,298.15,295.54,299.8,297.1,158.72,85.91143,152.94,16.965714,1.3571428,25.814285,5.0142856,28.9,22.8,97.6,73
sj,1998,51,1998-12-17,-0.08216667,-0.091675,0.2399,0.1700571,299.04285,299.1,295.03287,300.9,297.6,10.2,78.66857,16.76,16.408571,1.9714285,26.071428,5.542857,31.1,22.8,18.9,89
sj,1998,52,1998-12-24,0.06056667,-0.13095,0.15715,0.0981875,299.28287,299.4357,295.21573,301.4,298.0,12.8,78.41857,0.0,16.564285,2.1285715,25.928572,6.042857,30.0,22.2,29.7,68
sj,1999,53,1999-01-01,0.06056667,-0.13095,0.15715,0.0981875,299.28287,299.4357,295.21573,301.4,298.0,12.8,78.41857,0.0,16.564285,2.1285715,25.928572,6.042857,30.0,22.2,29.7,59
sj,1999,1,1999-01-08,0.06056667,-0.0876,0.1887,0.1634167,298.7,298.8143,295.09714,300.7,297.3,17.72,80.597145,45.39,16.452858,2.4285715,25.571428,5.4714284,28.9,22.2,16.2,56
sj,1999,2,1999-01-15,-0.1399,-0.03763333,0.1813833,0.1448429,298.48285,298.55,294.12,300.1,297.4,12.6,76.954285,0.0,15.492857,1.6714286,25.071428,5.7285714,28.3,20.0,20.6,77
sj,1999,3,1999-01-22,-0.0698,-0.03795,0.1808,0.1158429,297.86142,297.97144,294.40857,300.0,296.1,20.62,81.31,47.16,15.768572,2.2,24.985714,6.885714,30.0,21.1,27.2,75
sj,1999,4,1999-01-29,0.0535,-0.10875,0.1818429,0.1406143,297.44287,297.57144,293.70142,299.1,295.8,40.75,79.671425,0.0,15.072857,1.7714286,24.885714,6.4142857,28.3,21.1,8.6,47
sj,1999,5,1999-02-05,0.0535,0.05145,0.2175,0.1739286,296.77286,296.75714,290.95572,299.3,294.5,14.9,70.19857,0.0,12.741428,2.0,24.171429,5.642857,27.8,19.4,18.0,50
sj,1999,6,1999-02-12,0.0669,0.05145,0.2283286,0.2092,296.66858,296.7857,290.55286,298.9,295.3,4.7,68.641426,0.0,12.365714,1.9142857,23.4,7.385714,27.8,17.8,2.9,42
sj,1999,7,1999-02-19,0.0263,0.0364,0.1718571,0.1876,297.21857,297.44287,292.73,299.4,295.5,18.64,76.24571,18.66,14.225715,2.5714285,24.328571,7.5142856,29.4,19.4,24.8,28
sj,1999,8,1999-02-26,0.12905,0.086,0.1234714,0.1325,295.93857,296.1143,290.63428,299.7,293.7,8.7,72.25143,23.9,12.492857,2.7142856,24.042856,6.9,28.9,18.9,0.0,37
sj,1999,9,1999-03-05,-0.0509,0.03793333,0.1977167,0.1614667,297.54285,297.67856,293.31143,299.7,295.3,8.3,77.42714,0.0,14.73,2.7857144,25.0,7.428571,29.4,20.6,40.1,37
sj,1999,10,1999-03-12,-0.071225,0.043425,0.1611167,0.2284286,297.88284,298.07144,292.42142,299.7,296.0,0.4,71.69143,0.0,13.935715,2.4857142,24.957144,7.5142856,29.4,20.6,0.0,27
sj,1999,11,1999-03-19,-0.10475,0.0402,0.2573714,0.2754429,297.54285,297.8,292.76428,300.0,295.8,5.5,74.80428,5.5,14.244286,3.0,24.885714,7.3428574,31.1,20.6,8.4,12
sj,1999,12,1999-03-26,0.135,0.03233333,0.1988,0.1830571,298.22287,298.45,293.23,300.5,296.3,3.1,73.94,5.24,14.671429,2.8428571,25.671429,7.6714287,30.6,21.1,0.0,15
sj,1999,13,1999-04-02,0.0541,-0.0981,0.1572667,0.1370571,298.30856,298.41428,294.37714,300.4,296.1,8.9,78.91,15.91,15.732857,2.3142858,25.742857,6.9,30.6,21.7,7.9,22
sj,1999,14,1999-04-09,0.0541,0.00075,0.2009429,0.2108429,297.9757,298.09286,293.27286,300.1,295.7,16.2,75.38857,18.76,14.745714,2.5857143,25.614286,6.0285716,29.4,21.1,30.8,8
sj,1999,15,1999-04-16,0.0341,0.0351,0.1027857,0.09751429,297.4814,297.64285,292.4057,301.0,295.2,12.76,73.641426,75.59,13.974286,3.6,25.385714,6.6714287,30.0,21.1,19.8,15
sj,1999,16,1999-04-23,0.0869,0.03965,0.1907857,0.1153857,299.25427,299.45715,294.5243,301.4,296.7,2.0,75.39,0.0,15.868571,3.2,26.914286,7.4857144,32.2,22.8,9.2,17
sj,1999,17,1999-04-30,0.07295,0.02765,0.1945833,0.1375,299.0357,299.15,294.20142,301.0,297.2,5.35,74.79857,10.2,15.561429,2.7285714,26.685715,7.385714,31.7,22.2,4.1,10
sj,1999,18,1999-05-07,0.064,0.04806667,0.1721429,0.1899429,299.43143,299.5,295.4157,301.8,298.0,13.3,78.68285,88.2,16.795713,2.0857143,28.22857,9.214286,33.9,22.2,0.5,9
sj,1999,19,1999-05-14,0.064,0.0578,0.0804,0.08112,299.09857,299.12143,294.57285,301.0,297.2,14.28,76.30857,46.5,15.967143,2.5857143,26.957144,7.6285715,32.8,21.7,73.1,11
sj,1999,20,1999-05-21,0.064,0.09066667,0.1944714,0.1691571,299.77573,299.9357,295.2686,302.6,297.0,22.1,76.59857,33.82,16.651428,3.1857142,27.828571,7.3285713,33.3,23.3,14.3,20
sj,1999,21,1999-05-28,0.064,0.0738,0.1826429,0.1713286,300.05286,300.16428,296.2143,302.4,298.6,18.64,79.71714,15.26,17.63857,2.2142856,28.385714,6.742857,33.3,24.4,8.2,13
sj,1999,22,1999-06-04,0.04023333,-0.0127,0.1208833,0.09056667,300.58713,300.67142,296.23572,302.7,298.4,6.6,77.37143,2.16,17.644285,3.2571428,28.414286,6.571429,33.3,23.9,5.9,11
sj,1999,23,1999-06-11,0.0499,0.0499,0.07223333,0.08013333,300.02573,299.97858,296.43,302.0,298.3,24.8,80.75429,100.35,17.854286,2.5,27.914286,7.5571427,33.9,22.8,56.8,16
sj,1999,24,1999-06-18,0.0499,0.06756667,0.1184833,0.09545,300.35144,300.37857,296.54,302.3,298.7,30.1,79.75,115.14,17.982857,2.3857143,27.7,6.8428574,31.7,23.9,17.6,11
sj,1999,25,1999-06-25,0.0499,0.01375,0.0755,0.13685,299.36716,299.3143,296.4157,301.6,297.9,81.61,83.961426,96.93,17.844286,1.9428571,27.214285,5.885714,31.1,22.8,60.6,7
sj,1999,26,1999-07-02,0.0499,0.063,0.1645714,0.1307143,300.14856,300.25714,296.62286,302.4,298.3,25.74,81.25,17.32,18.051428,2.3428571,28.442858,5.3285713,31.7,25.0,5.4,17
sj,1999,27,1999-07-09,0.09746667,0.08616667,0.1838571,0.1788857,299.50427,299.5357,295.92,301.4,297.8,55.1,80.79857,73.3,17.295713,2.357143,27.4,5.7285714,31.1,22.8,36.6,14
sj,1999,28,1999-07-16,0.0545,0.067425,0.1345667,0.09766,299.79,299.83572,296.3943,302.4,297.5,58.2,81.847145,29.53,17.804285,2.5,27.27143,6.6714287,32.8,23.3,17.5,13
sj,1999,29,1999-07-23,0.1169,0.0494,0.2071143,0.1935286,299.85,299.85715,296.86142,301.9,298.5,66.52,83.91857,96.36,18.322857,2.0,26.7,5.4714284,31.1,21.7,56.2,15
sj,1999,30,1999-07-30,0.0101,0.089,0.2987143,0.1783571,300.0643,300.15,296.47427,302.6,298.0,32.44,80.968575,8.53,17.902857,2.4714286,28.1,6.5285716,32.8,23.9,19.9,30
sj,1999,31,1999-08-06,-0.07305,0.020225,0.1632429,0.1692429,300.49857,300.48572,297.04715,302.8,298.8,29.35,81.67286,22.01,18.557142,2.4285715,28.37143,6.2714286,32.8,22.8,18.8,25
sj,1999,32,1999-08-13,-0.07305,0.11395,0.2125714,0.1689143,299.97,300.00714,296.74286,302.6,298.4,61.7,82.64571,44.23,18.212856,1.8428571,28.085714,6.357143,31.7,23.9,26.7,40
sj,1999,33,1999-08-20,0.01015,0.0687,0.1973,0.1710857,300.32715,300.2857,296.85715,302.4,298.9,46.2,81.387146,31.78,18.332857,2.0285714,28.37143,6.357143,31.7,25.0,10.0,44
sj,1999,34,1999-08-27,-0.01465,0.03655,0.1689,0.1532571,300.22714,300.2857,296.86,302.8,298.7,61.8,81.99857,133.65,18.36,2.142857,27.857143,6.8428574,33.9,23.9,78.5,25
sj,1999,35,1999-09-03,-0.01465,-0.0331,0.2106571,0.1876,300.45856,300.4357,296.89572,302.7,299.1,25.74,81.00285,30.98,18.41,1.9857143,28.185715,7.0285716,32.8,23.9,69.7,21
sj,1999,36,1999-09-10,0.087,0.06035,0.0897,0.0988,300.5843,300.62143,296.80142,302.8,298.8,40.7,79.96571,66.06,18.31,2.2142856,28.3,6.042857,31.7,25.0,32.5,48
sj,1999,37,1999-09-17,-0.0121,0.067475,0.1585833,0.1250857,300.96143,301.02142,297.0843,303.2,299.5,34.13,79.69714,121.24,18.71,2.1571429,28.414286,6.8428574,33.9,24.4,35.1,56
sj,1999,38,1999-09-24,0.08305,0.06535,0.1360286,0.1046286,300.57285,300.62143,296.70142,302.8,298.3,30.4,79.39,44.44,18.214285,2.7,28.457144,6.6,32.2,24.4,31.3,60
sj,1999,39,1999-10-01,0.05016667,0.03946667,0.1699833,0.1612833,300.6443,300.6357,296.82428,303.5,298.9,64.72,79.83714,62.41,18.345715,2.2142856,28.714285,7.957143,34.4,23.9,38.9,45
sj,1999,40,1999-10-08,0.1322,0.01383333,0.2102286,0.1405857,300.49713,300.6,296.65714,302.5,298.5,22.37,79.674286,52.34,18.12,1.9428571,28.0,6.9857144,32.8,23.3,16.2,55
sj,1999,41,1999-10-15,-0.0864,0.12685,0.09071667,0.05796667,299.82715,299.83572,295.87143,301.7,298.5,41.31,79.16,45.32,17.304285,1.9571428,27.171429,6.4428573,31.1,23.3,27.8,32
sj,1999,42,1999-10-22,-0.0864,-0.0368,0.036,0.037475,300.02573,300.01428,296.82,301.6,298.7,40.8,82.65714,171.59,18.315714,1.8571428,26.757143,5.042857,31.1,23.9,71.5,46
sj,1999,43,1999-10-29,-0.0864,0.009325,0.1754833,0.07245714,299.8043,300.0357,297.13,301.9,298.7,138.1,85.377144,67.94,18.742857,2.1857142,27.671429,6.3,32.2,23.3,58.4,61
sj,1999,44,1999-11-05,0.06275,0.1034,0.1734571,0.1658833,299.96,299.94287,296.53143,302.0,298.0,24.52,81.62857,4.84,18.014286,1.8857143,27.442858,6.542857,32.2,23.9,40.9,42
sj,1999,45,1999-11-12,0.1235,0.095575,0.08925,0.08956667,299.3043,299.37857,295.87143,301.0,298.0,53.27,81.48857,20.03,17.29857,2.0428572,26.885714,5.857143,30.6,23.9,37.1,37
sj,1999,46,1999-11-19,-0.0454,0.0747,0.05148,0.03943333,298.96857,299.07858,296.33,301.3,298.0,104.51,85.40429,83.66,17.817142,1.8142858,26.714285,5.8,30.6,22.8,62.1,43
sj,1999,47,1999-11-26,0.0005,0.0712,0.1077,0.08874,298.73285,298.87857,296.2857,300.8,297.1,140.2,86.405716,224.9,17.87,1.9,26.6,4.5285716,31.7,23.3,88.9,34
sj,1999,48,1999-12-03,0.1536,0.104775,0.1132333,0.09898571,298.78287,299.05713,294.77573,301.0,296.8,8.7,78.68285,2.11,16.207144,3.2571428,26.1,7.4714284,30.6,21.1,13.2,40
sj,1999,49,1999-12-10,0.1536,0.0881,0.2564667,0.2146,297.33286,297.3,293.97427,298.9,296.2,107.84,81.86429,63.47,15.415714,1.4,24.928572,4.614286,28.9,21.7,126.0,25
sj,1999,50,1999-12-17,0.10558,0.078075,0.1300286,0.07642857,297.4,297.39285,292.16144,298.7,296.3,8.78,72.652855,0.0,13.73,1.8142858,24.942858,4.8285713,28.3,20.6,7.6,16
sj,1999,51,1999-12-24,0.1088,0.12705,0.1088714,0.09908571,297.38284,297.51428,292.9643,299.4,296.1,14.5,76.49715,0.0,14.437143,1.8,24.842857,4.9,27.8,21.7,10.9,17
sj,2000,52,2000-01-01,-0.1336,-0.061225,0.1682,0.08631111,298.36716,298.30713,293.88715,300.3,296.4,12.34,76.31715,40.35,15.257143,2.642857,25.471428,6.5571427,29.4,21.1,7.9,17
sj,2000,1,2000-01-08,0.20635,0.1613,0.1398833,0.09583333,298.14856,298.16428,294.3557,299.9,296.5,32.3,79.60714,81.73,15.722857,1.9,25.12857,5.3142858,29.4,21.7,28.6,16
sj,2000,2,2000-01-15,0.337,0.30785,0.2466857,0.1686286,297.44144,297.58572,293.19144,299.1,296.1,47.1,77.34286,45.19,14.612857,2.057143,25.114286,5.1571426,28.3,21.7,12.0,23
sj,2000,3,2000-01-22,0.353,0.3073,0.3262714,0.2914286,296.58856,296.47858,290.85284,299.0,293.2,14.7,70.457146,0.0,12.61,1.8428571,23.614286,4.8285713,27.2,20.0,17.7,18
sj,2000,4,2000-01-29,0.3419,0.228,0.32975,0.38142,296.1843,296.3643,289.82715,299.0,292.6,0.7,67.76572,0.0,11.964286,3.1,22.842857,6.8428574,28.3,17.8,2.0,18
sj,2000,5,2000-02-05,0.29455,0.2239,0.2389333,0.1607,297.67142,297.8643,292.73428,299.8,295.8,2.02,74.06286,0.0,14.212857,2.2428572,25.171429,7.4428573,30.0,20.6,14.1,9
sj,2000,6,2000-02-12,0.29455,0.1061,0.2147429,0.1499286,297.67572,297.9,293.27,299.9,296.3,2.6,76.50285,24.19,14.652857,2.1142857,24.928572,7.1285715,30.0,20.6,3.0,7
sj,2000,7,2000-02-19,0.1931667,0.17314,0.1632714,0.08688571,297.74573,297.97858,293.25,299.9,296.3,3.1,76.11714,0.0,14.618571,2.357143,25.2,7.285714,30.0,21.1,3.8,7
sj,2000,8,2000-02-26,0.1931667,0.2075,0.1507571,0.1469167,297.08856,297.22144,292.1743,298.9,295.3,13.41,74.064285,7.67,13.67,1.9857143,24.77143,6.6285715,28.3,20.6,3.8,4
sj,2000,9,2000-03-04,0.17025,0.1962,0.2178,0.1580429,296.55286,296.67856,291.95285,298.9,294.5,14.91,75.72143,98.45,13.587143,2.4714286,24.528572,6.8142858,29.4,20.0,15.0,3
sj,2000,10,2000-03-11,0.3779,0.22,0.16348,0.1562286,296.20285,296.35715,289.64285,299.1,294.4,1.1,66.73572,11.48,11.715714,3.0285714,24.0,8.028571,29.4,19.4,0.0,2
sj,2000,11,2000-03-18,0.2311,0.230875,0.1591,0.0873,296.3157,296.45,290.99857,298.4,294.0,3.29,72.14286,25.96,12.738571,2.357143,25.071428,5.5571427,28.9,21.1,0.8,8
sj,2000,12,2000-03-25,0.2204,0.1969,0.2298571,0.1853,296.7443,296.90714,291.2257,298.8,294.6,6.8,71.39,0.0,12.93,2.3285713,24.8,7.385714,29.4,19.4,3.5,3
sj,2000,13,2000-04-01,0.2204,0.1460667,0.25795,0.2118429,296.35284,296.60715,290.81,299.3,293.6,5.14,71.351425,2.09,12.637143,4.071429,24.4,7.142857,28.9,20.0,3.1,1
sj,2000,14,2000-04-08,0.2050333,0.04636667,0.1806286,0.2042857,297.81714,297.9643,293.63284,300.1,296.0,17.9,77.78571,7.23,15.058572,2.557143,25.585714,7.0571427,30.6,21.7,13.3,1
sj,2000,15,2000-04-15,0.07435,0.102575,0.1650857,0.1372286,297.75287,297.87143,293.18713,299.9,293.9,5.3,75.84286,0.0,14.65,3.5428572,25.971428,7.3,30.6,20.6,6.3,2
sj,2000,16,2000-04-22,-0.287,0.0767,0.08985,0.07655714,297.62286,297.7857,292.83,299.8,296.1,14.9,74.75429,0.0,14.271428,2.2285714,25.8,6.714286,29.4,20.6,18.6,3
sj,2000,17,2000-04-29,0.1544,0.13275,0.2154143,0.1837429,298.34286,298.58572,294.25427,300.6,296.3,5.0,78.244286,82.06,15.622857,3.2,26.928572,8.414286,32.2,22.2,1.3,3
sj,2000,18,2000-05-06,0.1302,0.1127,0.1250143,0.1334571,298.64856,298.72144,294.13858,300.4,297.0,3.4,76.21429,6.13,15.48,2.442857,27.142857,7.8,32.2,21.7,3.6,2
sj,2000,19,2000-05-13,0.1302,0.09815,0.1490857,0.1343857,298.32,298.44287,294.26428,300.4,296.6,16.35,78.33714,21.53,15.638572,2.7714286,26.642857,6.9142857,30.6,22.2,7.7,0
sj,2000,20,2000-05-20,0.0865,0.08775,0.1752833,0.1601286,298.77142,298.9643,294.5543,301.0,297.0,10.06,77.71286,68.14,15.918571,2.642857,26.6,7.1285715,32.2,21.1,83.3,0
sj,2000,21,2000-05-27,0.1882,0.1144,0.1839857,0.1126714,298.77856,299.14285,294.86572,301.2,297.0,13.8,79.19714,39.45,16.237143,2.9142857,26.814285,6.0142856,31.1,22.8,0.3,2
sj,2000,22,2000-06-03,0.0849,0.11876,0.20226,0.1301571,299.28,299.4,295.22714,301.7,297.3,17.1,78.53714,48.51,16.587143,2.4285715,27.557142,6.8428574,32.2,23.3,25.6,2
sj,2000,23,2000-06-10,0.1459,0.138175,0.1687286,0.1188429,299.6243,299.75714,295.66714,301.7,297.7,10.95,79.05143,46.02,17.034286,2.4571428,27.857143,6.4428573,31.7,23.3,4.8,0
sj,2000,24,2000-06-17,0.1097,0.0902,0.2046833,0.1521833,299.7857,299.8643,295.1357,301.9,297.9,21.3,75.74857,46.38,16.454287,2.357143,27.985714,6.4428573,32.8,23.3,26.2,6
sj,2000,25,2000-06-24,0.1431,0.1623333,0.2898,0.2421286,299.50287,299.57858,295.94,301.7,297.5,30.64,80.84571,45.96,17.288572,2.3285713,27.428572,5.8428574,31.1,23.9,15.6,3
sj,2000,26,2000-07-01,0.11045,0.1341,0.1740429,0.1527333,299.60715,299.6357,295.36716,301.4,297.7,19.02,77.61714,33.94,16.705715,2.1571429,27.77143,6.614286,31.7,23.3,31.5,6
sj,2000,27,2000-07-08,0.0812,0.07275,0.1071,0.06248333,300.11856,300.2143,295.87143,301.8,298.6,12.7,77.68143,7.95,17.238571,2.2857144,27.971428,5.5571427,31.1,24.4,27.1,2
sj,2000,28,2000-07-15,0.17185,0.17685,0.2847857,0.2321714,300.02573,300.1857,295.8757,301.9,298.4,16.7,78.12572,5.81,17.245714,2.2857144,28.27143,6.3428574,32.2,24.4,3.5,3
sj,2000,29,2000-07-22,0.22305,0.18965,0.2902,0.2455143,300.16428,300.33572,296.07858,302.6,297.9,23.18,78.60429,9.53,17.462856,2.9,28.528572,6.5142856,32.8,23.3,22.7,2
sj,2000,30,2000-07-29,0.1667,0.3276,0.2619143,0.2189714,299.90857,300.10715,295.96143,301.9,298.2,19.7,79.00857,0.0,17.332857,2.357143,28.328571,6.5,32.8,23.9,7.9,4
sj,2000,31,2000-08-05,0.13025,0.1474,0.12684,0.1106,300.03427,300.12143,296.41144,302.1,298.0,33.7,80.75143,32.67,17.845715,2.3285713,28.214285,6.5571427,33.3,22.8,32.7,5
sj,2000,32,2000-08-12,0.14415,0.1204667,0.2751571,0.2257571,299.9243,299.97144,296.5643,302.0,298.1,60.66,82.02143,60.71,18.004286,2.5142858,28.27143,6.8285713,32.8,22.8,37.2,2
sj,2000,33,2000-08-19,0.17645,0.1304,0.2522,0.2054571,300.52856,300.55713,296.6357,302.8,298.6,27.72,79.50714,8.62,18.067142,2.2,28.614286,6.4428573,32.8,23.9,26.9,9
sj,2000,34,2000-08-26,0.2156667,0.1542333,0.1988667,0.1828714,300.46857,300.7,296.59857,303.2,298.5,29.66,79.55857,27.4,18.038572,2.8285713,28.72857,6.6,32.8,23.9,13.7,2
sj,2000,35,2000-09-02,0.2156667,0.2435,0.2776,0.1937857,299.96,300.09286,296.73572,302.3,298.4,87.78,82.67571,164.26,18.231428,2.3,27.185715,6.4428573,31.1,21.7,156.6,4
sj,2000,36,2000-09-09,0.1591,0.0836,0.2533667,0.21125,300.51715,300.54285,296.89142,302.8,298.0,22.0,80.67857,26.9,18.404285,2.7142856,27.985714,6.2714286,31.7,23.9,16.8,8
sj,2000,37,2000-09-16,0.0577,0.1507,0.2971857,0.2543429,300.79428,300.8857,296.81143,302.7,299.1,18.79,78.94857,30.52,18.314285,2.2857144,28.185715,6.9857144,33.3,22.8,9.3,6
sj,2000,38,2000-09-23,0.1961,0.1446667,0.17028,0.20995,300.57715,300.77856,296.6843,303.1,297.8,56.4,79.58428,50.88,18.162857,2.4714286,27.757143,6.7,31.7,23.9,18.5,3
sj,2000,39,2000-09-30,0.1961,0.1337,0.10358,0.1369667,299.88,299.92142,296.59714,301.5,298.8,42.8,82.28286,42.65,18.085714,1.7285714,27.528572,6.042857,31.1,23.9,30.6,11
sj,2000,40,2000-10-07,0.253975,0.16295,0.3692714,0.2687429,300.20285,300.27142,296.97427,302.1,298.8,35.3,82.58572,126.67,18.491428,2.3714285,27.77143,5.885714,32.8,23.9,16.1,14
sj,2000,41,2000-10-14,0.38,0.26065,0.3931286,0.27105,300.27142,300.23572,295.73715,302.7,298.1,15.4,76.37143,8.57,17.131428,3.4142857,27.8,7.385714,32.8,23.3,20.1,15
sj,2000,42,2000-10-21,0.10035,0.0895,0.2096857,0.08204286,300.41858,300.42142,296.26715,302.6,298.3,11.22,78.18143,37.34,17.704287,3.7857144,28.057142,7.1857142,33.3,23.9,21.8,20
sj,2000,43,2000-10-28,0.1535,0.2298,0.14888,0.091525,300.0186,299.97144,295.7257,302.6,298.0,15.3,77.442856,62.57,17.117144,3.4571428,27.142857,6.5285716,31.1,23.3,24.1,9
sj,2000,44,2000-11-04,0.19015,0.168,0.1864333,0.1104333,300.2614,300.23572,296.5,302.4,298.4,20.3,80.00714,80.61,17.994286,2.9,27.542856,6.3714285,32.2,23.3,18.8,20
sj,2000,45,2000-11-11,0.1105667,0.0267,0.1561,0.04188571,299.06143,299.08572,293.63858,301.9,295.9,28.8,72.68429,77.9,15.258572,3.6285715,25.87143,6.4142857,30.6,21.7,44.9,28
sj,2000,46,2000-11-18,0.0979,0.012,0.1572,0.06461429,299.18713,299.20715,293.44858,301.7,295.9,2.1,70.97714,6.3,14.991428,4.1,26.328571,5.542857,30.0,22.2,1.3,38
sj,2000,47,2000-11-25,0.0979,0.0323,0.2099,0.09903333,299.92,299.85715,294.66,301.6,297.5,7.18,72.92571,0.0,16.037144,2.7142856,26.87143,6.785714,30.6,22.8,14.7,30
sj,2000,48,2000-12-02,0.12015,0.13648,0.1959,0.1356667,299.61856,299.6357,295.38858,301.2,298.0,24.8,77.648575,11.07,16.754286,2.357143,26.3,6.0,29.4,22.8,30.0,30
sj,2000,49,2000-12-09,0.11875,0.0806,0.1176333,0.04611667,299.70285,299.72858,295.40286,301.5,297.9,6.8,77.35714,19.69,16.77143,2.057143,26.814285,6.3714285,31.1,22.8,6.4,23
sj,2000,50,2000-12-16,0.0044,0.08713333,0.1021,-0.02248571,299.27,299.37857,293.88144,301.3,297.5,3.99,72.26143,0.0,15.252857,2.5285714,25.914286,7.214286,31.1,21.7,7.1,16
sj,2000,51,2000-12-23,0.0632,0.04675,0.0446,-0.06345714,298.58142,298.58572,294.13284,300.4,296.7,37.39,76.52571,0.0,15.462857,1.7142857,25.385714,5.542857,28.9,21.7,63.2,22
sj,2001,1,2001-01-01,0.004833333,0.006633333,0.2108143,0.2024143,298.47714,298.44287,294.03427,301.2,295.6,1.3,76.505714,0.0,15.444285,3.2857144,25.12857,7.6857142,30.0,20.6,1.9,28
sj,2001,2,2001-01-08,0.09436667,0.0958,0.2041,0.1646833,298.61856,298.7857,293.68713,300.9,296.3,1.0,74.33572,49.81,15.078571,3.3142858,25.314285,7.5857143,30.6,21.1,15.2,14
sj,2001,3,2001-01-15,0.09436667,0.02165,0.18585,0.1796857,297.82858,297.99286,292.4057,300.7,295.5,1.1,71.94143,0.0,13.921429,3.4142857,25.071428,8.157143,30.6,19.4,4.8,17
sj,2001,4,2001-01-22,0.0411,0.0514,0.2184714,0.2287714,298.01715,298.2,293.35858,299.9,296.6,10.24,75.38,0.0,14.732857,2.142857,24.957144,6.8714285,29.4,20.6,31.5,20
sj,2001,5,2001-01-29,0.00915,0.041225,0.2434714,0.2032571,297.97287,298.15714,294.05286,300.7,295.5,32.36,79.031425,23.78,15.3785715,2.7428572,25.242857,6.8142858,30.6,21.1,21.6,17
sj,2001,6,2001-02-05,0.00915,-0.0056,0.1645,0.1619714,297.87714,297.98572,292.9814,299.7,296.1,11.2,74.344284,10.73,14.408571,2.1142857,25.0,6.8285713,29.4,21.1,8.5,10
sj,2001,7,2001-02-12,-0.04485,0.0056,0.1603,0.1674286,297.9343,298.15714,293.37714,299.9,296.3,22.28,75.851425,0.0,14.754286,2.3428571,25.342857,6.885714,29.4,21.1,4.8,13
sj,2001,8,2001-02-19,0.2170333,0.1452333,0.2280714,0.2104571,297.81714,298.04285,292.66858,299.7,296.7,3.02,73.07286,0.0,14.098572,2.142857,24.757143,7.0,28.9,19.4,17.6,20
sj,2001,9,2001-02-26,0.4462667,0.3123,0.3375,0.2732833,297.15286,297.23572,292.8157,299.0,295.5,25.89,76.90714,0.0,14.265715,2.0142858,24.814285,5.242857,28.3,21.7,53.1,9
sj,2001,10,2001-03-05,0.2485,0.25445,0.2764286,0.2567143,297.13428,297.35715,292.05573,300.7,294.4,0.5,73.387146,6.84,13.671429,3.142857,24.7,7.457143,31.7,19.4,0.0,18
sj,2001,11,2001-03-12,0.4229,0.4229,0.1950143,0.1967143,298.55856,298.8857,294.02713,301.3,295.9,10.5,76.24715,0.0,15.387143,3.6285715,26.7,6.9142857,31.7,22.2,0.5,9
sj,2001,12,2001-03-19,0.1274333,0.059925,0.1592286,0.1408857,298.37286,298.59286,293.04572,300.3,296.8,1.69,72.442856,0.0,14.482857,2.442857,26.328571,7.5285716,30.6,21.7,12.7,8
sj,2001,13,2001-03-26,0.1274333,0.2705,0.2435714,0.2178143,297.69287,297.87857,294.16714,300.5,295.8,21.55,80.83572,6.11,15.555715,2.1,26.042856,6.5142856,32.2,21.7,26.7,19
sj,2001,14,2001-04-02,0.2127,0.1044,0.1409,0.1628857,298.87143,299.09286,293.98285,301.0,297.2,3.45,74.43,0.0,15.335714,2.6714287,27.085714,8.1285715,32.2,22.2,0.5,11
sj,2001,15,2001-04-09,0.2127,0.30695,0.31445,0.2761833,298.11285,298.25714,293.7857,299.8,296.3,23.5,77.02286,5.2,15.152857,2.3714285,26.27143,7.0857143,30.6,21.7,13.0,4
sj,2001,16,2001-04-16,0.0728,0.07826667,0.2111714,0.2161286,298.26715,298.40714,292.98285,301.2,295.5,3.59,72.64,11.84,14.417143,3.8142858,26.7,7.214286,32.2,22.2,8.1,6
sj,2001,17,2001-04-23,0.0728,0.05855,0.1227286,0.1131857,298.75143,298.83572,294.28143,301.3,296.7,22.36,76.58143,35.69,15.63,3.1285715,27.2,7.7714286,33.3,22.8,20.6,6
sj,2001,18,2001-04-30,0.0728,-0.1055,0.1861714,0.1770571,298.28714,298.3,293.68,300.5,296.0,9.03,75.71429,19.98,15.061429,2.6,26.757143,7.1571426,31.1,22.2,16.0,8
sj,2001,19,2001-05-07,0.0371,0.0705,0.04781429,0.06374286,299.41858,299.5,295.36572,302.0,297.4,16.8,78.56715,59.89,16.77143,3.2,27.485714,7.0571427,32.2,22.8,64.3,13
sj,2001,20,2001-05-14,0.1031,0.0941,0.1984833,0.1765571,299.13428,299.25714,295.8557,301.7,297.3,78.1,82.35,77.36,17.268572,2.942857,27.857143,6.042857,32.2,24.4,60.5,8
sj,2001,21,2001-05-21,0.08608,0.07736,0.1701429,0.1679429,299.95142,299.98572,295.3457,302.2,297.6,2.0,76.07,35.54,16.73,3.8285713,28.828571,8.328571,33.9,23.3,7.4,8
sj,2001,22,2001-05-28,0.0619,0.0333,0.1977333,0.1659857,299.78143,299.84286,295.64142,302.0,298.0,8.1,78.15143,10.8,16.995714,3.0857143,28.471428,6.5857143,32.8,25.0,16.6,5
sj,2001,23,2001-06-04,0.0312,0.02535,0.1706286,0.1901,299.94427,299.85,295.56857,302.2,297.6,5.85,77.16286,61.33,16.922857,3.642857,28.071428,7.2285714,32.8,23.9,6.7,16
sj,2001,24,2001-06-11,0.0312,0.0271,0.2708714,0.2212,300.4243,300.4,295.88858,302.6,298.2,7.0,76.42571,21.93,17.25,3.1142857,28.514286,6.742857,33.9,23.9,20.9,12
sj,2001,25,2001-06-18,-0.02865,-0.01266667,0.1246571,0.1255571,299.91858,299.8643,295.20715,302.0,297.4,7.02,75.461426,63.35,16.562857,3.2428572,27.72857,6.928571,31.7,23.9,2.3,11
sj,2001,26,2001-06-25,0.02185,-0.0601,0.2032571,0.1855857,300.54,300.49286,296.24857,302.9,298.5,13.37,77.61714,37.72,17.635714,3.1285715,28.62857,6.757143,33.3,23.9,11.1,18
sj,2001,27,2001-07-02,-0.0227,0.09093333,0.2069143,0.1882286,300.20715,300.27856,296.35428,302.5,298.1,28.1,79.578575,85.42,17.745714,2.7571428,28.22857,6.757143,32.8,24.4,16.8,10
sj,2001,28,2001-07-09,-0.0817,0.0287,0.1961143,0.1808,300.64285,300.66428,296.34857,302.4,298.2,13.5,77.582855,21.89,17.744286,2.7285714,28.342857,6.428571,31.7,23.9,20.0,22
sj,2001,29,2001-07-16,0.0073,0.06943333,0.2002286,0.1976857,300.37143,300.37143,296.08572,303.1,298.1,18.3,77.58714,49.38,17.474285,3.1142857,28.114286,7.542857,32.8,22.8,10.6,14
sj,2001,30,2001-07-23,-0.0198,0.0057,0.1865714,0.1818,300.55573,300.55713,296.35715,303.0,298.6,21.24,78.06143,35.85,17.77143,3.2571428,28.585714,7.142857,33.9,23.9,4.5,16
sj,2001,31,2001-07-30,0.0287,0.1132,0.1347143,0.1439429,300.39856,300.45715,296.3643,302.7,298.6,50.34,78.67,73.2,17.758572,2.6571429,28.057142,6.9142857,32.2,23.3,46.0,18
sj,2001,32,2001-08-06,0.2467,0.2009,0.1926714,0.1882286,300.71286,300.7143,296.9,302.6,299.2,32.62,79.71286,40.4,18.331429,2.5428572,27.928572,6.357143,32.2,23.9,49.0,27
sj,2001,33,2001-08-13,0.08985,0.1278333,0.2008143,0.2051143,300.74286,300.85715,297.38,302.9,298.8,50.46,82.08714,29.0,18.892857,2.6,28.642857,5.5857143,32.2,25.6,24.3,38
sj,2001,34,2001-08-20,0.0172,0.01255,0.2017286,0.2022143,300.79144,300.75714,297.22714,302.7,298.4,62.4,81.075714,40.3,18.752857,2.5428572,28.971428,5.785714,32.8,25.6,1.8,35
sj,2001,35,2001-08-27,0.0172,0.01255,0.2212714,0.2011286,300.76,300.74286,296.4,303.1,298.7,44.3,77.347145,132.53,17.824286,3.4571428,28.27143,7.542857,32.8,23.3,65.0,41
sj,2001,36,2001-09-03,-0.0273,0.068075,0.2792857,0.2707857,300.75143,300.77142,296.73,303.2,298.9,23.4,78.82714,68.85,18.185715,3.057143,27.9,7.0571427,32.2,23.3,71.5,51
sj,2001,37,2001-09-10,0.1954,0.2356,0.3660714,0.3778571,300.80573,300.85715,296.45285,303.3,297.9,14.7,77.41,9.73,17.902857,3.4857142,28.37143,6.757143,32.2,23.9,5.6,65
sj,2001,38,2001-09-17,-0.0412,0.04766667,0.1706333,0.1342857,301.07,301.09286,296.7,303.4,298.8,12.9,77.23572,10.01,18.175714,3.2142856,28.085714,7.1571426,33.3,23.9,56.8,55
sj,2001,39,2001-09-24,0.0986,0.122075,0.2545714,0.2469286,300.7386,300.7857,296.43713,303.1,298.7,19.69,77.55572,84.76,17.901428,3.1714287,27.971428,6.928571,32.8,23.9,15.8,54
sj,2001,40,2001-10-01,0.16025,0.08955,0.2391714,0.1799714,301.2557,301.27856,296.95715,303.8,299.1,16.4,77.63,20.8,18.475714,3.2714286,29.22857,7.8428574,34.4,24.4,6.6,62
sj,2001,41,2001-10-08,0.0633,0.0633,0.2143286,0.2125857,300.93,300.8,296.91714,302.6,299.0,42.3,78.891426,27.82,18.397142,2.3714285,28.4,6.8142858,33.3,23.9,32.0,64
sj,2001,42,2001-10-15,0.0633,0.0633,0.2187571,0.163,300.3257,300.3,296.39716,302.4,297.8,53.0,79.27,91.83,17.877142,2.8857143,26.857143,6.757143,32.2,22.8,67.6,56
sj,2001,43,2001-10-22,-0.0141,0.2121,0.2529,0.2228286,300.25858,300.3,296.53,302.2,298.4,25.68,80.13143,39.7,18.011429,2.7428572,27.914286,6.5857143,32.2,22.8,15.0,65
sj,2001,44,2001-10-29,-0.01935,0.05955,0.2274571,0.1600286,300.39142,300.42142,296.68713,302.1,298.2,21.91,80.27,0.49,18.155714,2.4714286,27.942858,6.357143,31.1,24.4,11.3,71
sj,2001,45,2001-11-05,0.0284,0.0086,0.09473333,0.09162857,300.06287,300.14285,295.32428,302.3,297.6,17.86,75.424286,28.03,16.751429,3.6,26.72857,7.714286,32.2,20.0,36.7,75
sj,2001,46,2001-11-12,0.0941,0.1127,0.1961714,0.2132,299.42,299.4357,295.8757,303.3,297.2,133.93,81.08143,287.55,17.30857,2.2428572,26.585714,5.5571427,33.3,22.2,96.0,71
sj,2001,47,2001-11-19,0.1663,0.189975,0.2202286,0.2337,299.3457,299.72858,295.56,302.5,297.3,18.9,79.86143,45.8,16.972857,3.8,26.528572,6.1,31.1,22.8,2.9,72
sj,2001,48,2001-11-26,0.21515,0.22615,0.2206286,0.1987,298.91,298.9643,293.95142,302.3,296.7,7.81,74.344284,9.43,15.414286,3.3857143,26.342857,5.457143,29.4,22.8,4.4,47
sj,2001,49,2001-12-03,-0.0468,-0.0406,0.09694286,0.0865,298.24573,298.25714,293.23572,300.8,295.1,13.2,74.038574,43.91,14.771428,3.4857142,25.285715,7.2,31.1,20.6,44.0,27
sj,2001,50,2001-12-10,0.0081,0.097475,0.2047143,0.1787714,299.05713,299.05,295.75858,300.7,297.5,33.78,82.167145,31.01,17.19143,2.2142856,26.314285,5.7,29.4,22.8,87.8,35
sj,2001,51,2001-12-17,0.02285,0.05653333,0.0712,0.05045714,298.43143,298.35,295.5114,300.0,296.8,100.6,84.01,91.66,16.92,1.9857143,25.6,4.614286,29.4,22.8,80.3,25
sj,2001,52,2001-12-24,0.1814,0.1358667,0.2236222,0.1965111,298.42715,298.5,295.79715,301.0,296.8,35.2,85.51428,72.18,17.234285,1.8285714,25.671429,4.6714287,30.0,22.8,106.2,19
sj,2002,1,2002-01-01,0.05475,0.08103333,0.1975429,0.1423286,298.95572,299.1,294.4814,300.5,297.1,2.5,76.43429,0.0,15.81,2.5142858,25.528572,7.6,30.0,20.6,24.9,37
sj,2002,2,2002-01-08,0.106425,0.29,0.2464333,0.1778167,298.45285,298.50714,294.84143,301.0,296.8,13.8,80.57286,0.0,16.178572,2.7857144,25.457144,6.385714,29.4,21.7,13.7,38
sj,2002,3,2002-01-15,0.0594,0.0526,0.1956714,0.1562857,298.55142,298.55713,294.14572,300.6,296.2,1.21,76.73428,0.0,15.518572,3.2,25.328571,7.042857,29.4,21.1,2.9,34
sj,2002,4,2002-01-22,0.0288,0.06663333,0.1341,0.1462286,298.3157,298.51428,294.21286,299.9,297.1,12.44,78.078575,0.0,15.551429,1.9428571,26.214285,6.4,30.6,22.2,19.1,26
sj,2002,5,2002-01-29,0.0288,0.06663333,0.1341,0.1462286,298.2,298.35,293.84714,300.1,296.3,10.8,76.92,0.0,15.187143,2.1857142,25.657143,5.7714286,29.4,21.7,38.1,19
sj,2002,6,2002-02-05,-0.0674,0.0468,0.1591714,0.1097286,297.72287,297.8143,293.3443,299.6,296.3,24.0,76.722855,0.0,14.734285,2.2,24.971428,6.4142857,28.9,20.6,21.1,18
sj,2002,7,2002-02-12,0.0491,0.092325,0.2546714,0.1978,297.9886,298.0643,293.36572,299.7,295.6,3.6,75.57714,0.0,14.754286,2.557143,25.414286,5.9428573,29.4,20.6,4.3,22
sj,2002,8,2002-02-19,0.0478,0.06175,0.222,0.1773143,298.10144,298.24286,293.54572,300.6,296.1,3.9,75.93285,0.0,14.931429,3.142857,25.785715,7.928571,31.7,21.1,6.4,16
sj,2002,9,2002-02-26,0.0315,0.0962,0.1402,0.1603429,297.1657,297.23572,292.0,300.5,294.9,12.8,73.14714,0.0,13.592857,3.0714285,25.2,6.3428574,30.0,21.1,3.3,18
sj,2002,10,2002-03-05,0.042,0.0511,0.1984167,0.2499833,297.09,297.1143,292.25287,299.4,294.0,7.8,74.42714,0.0,13.781428,2.7714286,25.457144,5.6285715,28.9,20.6,0.6,6
sj,2002,11,2002-03-12,0.0709,0.12545,0.2196286,0.1894857,297.59286,297.72858,293.08142,299.2,296.3,11.8,76.16857,40.27,14.53,2.2,25.842857,6.3142858,30.0,22.2,14.1,12
sj,2002,12,2002-03-19,0.1535,0.1688,0.2791,0.2480857,297.98572,298.07858,293.21713,299.8,295.6,0.6,74.917145,0.0,14.6285715,3.0714285,25.785715,6.957143,30.0,20.6,6.5,6
sj,2002,13,2002-03-26,0.1777,0.3167,0.3203857,0.3209286,298.27573,298.47858,293.54285,300.8,296.3,2.2,75.21571,0.0,14.97,3.1,26.757143,7.214286,32.8,22.2,0.6,6
sj,2002,14,2002-04-02,-0.0056,0.0013,0.2157714,0.1786,298.08,298.32858,294.0543,301.6,295.9,17.8,78.56571,49.74,15.468572,3.5714285,26.22857,7.071429,30.6,21.7,7.7,3
sj,2002,15,2002-04-09,-0.0263,0.03695,0.1263571,0.1143571,298.32285,298.44287,294.83142,300.8,296.2,55.1,81.141426,50.67,16.20857,2.6857142,27.114286,6.6571426,32.2,22.8,15.7,7
sj,2002,16,2002-04-16,-0.0263,0.03695,0.2039714,0.1771857,297.04428,297.02856,292.06143,299.5,294.8,22.4,73.84,0.0,13.638572,2.6571429,25.457144,5.714286,30.0,21.7,17.8,6
sj,2002,17,2002-04-23,-0.0176,0.0519,0.1135714,0.1116286,297.97,298.07144,295.01,300.8,296.4,31.0,83.65714,214.76,16.368572,2.5142858,25.7,6.1857142,30.6,21.7,69.7,1
sj,2002,18,2002-04-30,0.1506,0.1616,0.2115857,0.1536571,298.53714,298.47858,295.16144,300.3,296.7,18.0,81.70286,74.01,16.535715,2.8142858,26.457144,6.0142856,30.0,22.8,10.5,3
sj,2002,19,2002-05-07,0.19375,0.1611,0.211,0.1759143,298.9643,299.09286,294.95,300.5,297.2,11.0,78.60714,87.81,16.30857,2.5,26.442858,6.0142856,30.0,22.8,56.5,2
sj,2002,20,2002-05-14,0.1138,0.09725,0.2559286,0.2269286,298.9943,299.1143,294.44144,300.6,297.2,9.3,76.08714,0.0,15.788571,2.4,26.142857,6.642857,30.0,21.7,15.4,2
sj,2002,21,2002-05-21,0.03345,0.1033,0.2122857,0.2002714,299.66714,299.85,295.2743,301.3,298.2,5.5,76.90143,41.09,16.627142,2.4714286,27.714285,6.5285716,31.7,23.3,2.9,1
sj,2002,22,2002-05-28,0.05325,0.0778,0.1880286,0.1696,299.75287,299.9,295.38,302.4,297.7,8.2,77.09286,3.99,16.757143,2.5714285,28.171429,7.3285713,32.8,23.3,4.8,10
sj,2002,23,2002-06-04,0.04185,0.0722,0.1304429,0.1511429,299.60144,299.66428,296.21573,302.1,297.5,15.65,81.851425,65.82,17.658571,2.8714285,28.442858,7.3714285,33.3,23.3,12.9,3
sj,2002,24,2002-06-11,0.04185,0.05743333,0.1073143,0.1113286,299.88715,299.9643,296.33856,302.2,297.8,17.55,81.042854,84.35,17.767143,3.1857142,28.457144,6.742857,33.3,24.4,4.5,3
sj,2002,25,2002-06-18,0.04185,0.04446667,0.2042143,0.1528143,300.22144,300.20715,296.39716,302.2,298.4,15.73,79.73,0.0,17.801428,2.7857144,28.528572,7.2285714,32.8,24.4,12.7,1
sj,2002,26,2002-06-25,0.04185,0.1173,0.2136,0.1969143,299.8557,299.95,295.99,301.8,298.0,24.1,79.50857,5.94,17.357143,2.4714286,27.585714,6.9428573,31.7,22.8,25.0,1
sj,2002,27,2002-07-02,-0.009666667,0.0065,0.2072429,0.1649286,300.41144,300.55,296.06287,302.4,298.4,10.8,77.19857,2.3,17.398571,2.3285713,28.342857,6.2,31.7,25.0,3.6,2
sj,2002,28,2002-07-09,-0.02455,0.0196,0.2541286,0.2121,300.0843,300.12857,296.0657,301.8,298.2,11.65,78.74715,22.49,17.432858,2.4571428,28.157143,6.9142857,32.2,23.3,29.6,6
sj,2002,29,2002-07-16,-0.02455,0.03774,0.1880429,0.1803286,300.54,300.58572,296.42,302.4,298.6,10.3,78.31143,58.06,17.80857,2.9714286,28.285715,6.8428574,32.8,23.9,57.2,3
sj,2002,30,2002-07-23,-0.07045,-0.02133333,0.2192857,0.2245429,300.54715,300.67856,295.91287,302.5,298.8,7.09,75.86714,1.07,17.26,2.6142857,28.22857,6.9,32.8,23.3,16.3,3
sj,2002,31,2002-07-30,-0.0836,0.0278,0.1435833,0.1011714,300.43143,300.52856,296.98715,303.0,298.7,47.12,81.622856,44.7,18.447144,2.5714285,28.485714,5.9714284,32.8,24.4,28.0,5
sj,2002,32,2002-08-06,-0.0006,0.0551,0.2511429,0.2696571,301.00287,301.2,296.74286,303.3,298.0,9.36,77.788574,39.52,18.20143,3.5142858,28.471428,6.1,32.2,25.0,3.6,4
sj,2002,33,2002-08-13,1e-04,0.03865,0.1990571,0.1385286,300.89285,300.98572,296.89716,303.0,299.2,23.78,78.94428,33.21,18.364286,2.8,28.742857,7.614286,33.3,23.9,13.6,7
sj,2002,34,2002-08-20,0.0776,-0.0772,0.2146333,0.1704,300.7743,300.83572,296.8,302.9,298.8,39.62,79.094284,22.89,18.245714,2.442857,28.0,6.8142858,32.8,23.3,48.1,6
sj,2002,35,2002-08-27,0.0009,-0.00445,0.1957857,0.1185286,301.13715,301.25714,296.54144,302.9,299.3,15.0,76.18857,18.67,17.972857,2.7714286,28.642857,6.428571,32.2,24.4,13.5,5
sj,2002,36,2002-09-03,0.0895,0.0648,0.1647667,0.1637571,300.6957,300.79285,296.60428,302.8,299.0,46.4,78.60714,109.38,18.098572,2.3,27.5,6.4428573,31.7,22.8,105.0,7
sj,2002,37,2002-09-10,0.033,-0.02545,0.2319714,0.2399571,301.22287,301.40714,296.72287,303.7,299.1,10.9,76.67857,7.92,18.19143,3.357143,29.157143,7.6857142,34.4,24.4,2.3,6
sj,2002,38,2002-09-17,0.033,0.01655,0.1659286,0.1409857,301.2386,301.22858,297.1243,303.1,299.4,27.5,78.48857,57.98,18.651428,2.6,28.657143,7.3,33.3,23.3,53.2,4
sj,2002,39,2002-09-24,0.0541,0.03885,0.1283571,0.08348571,300.98715,301.10715,296.73285,303.1,298.5,13.4,77.851425,26.31,18.244286,3.2428572,28.2,7.571429,32.8,23.9,48.0,4
sj,2002,40,2002-10-01,0.07375,0.07326667,0.0796,0.06807143,301.06143,301.15714,297.12857,303.2,299.5,20.0,79.281425,73.11,18.674286,2.4285715,27.77143,6.8714285,33.3,22.8,72.7,7
sj,2002,41,2002-10-08,-0.05385,-0.0739,0.2429714,0.2187286,300.72858,300.70715,296.69427,302.3,298.5,25.5,78.80857,17.48,18.19143,2.7285714,27.942858,6.6857142,31.7,23.9,26.0,9
sj,2002,42,2002-10-15,-0.05385,0.03505,0.1269143,0.1894143,300.47,300.6,296.47858,302.5,298.6,23.5,78.94857,91.69,17.95,2.6,27.542856,7.257143,32.2,23.3,6.1,5
sj,2002,43,2002-10-22,-0.1115,-0.1136,0.2304,0.2082429,300.54858,300.52856,296.6357,302.3,298.8,27.0,79.21714,9.5,18.104286,2.4857142,27.985714,7.1714287,33.3,23.9,53.3,5
sj,2002,44,2002-10-29,0.00735,-0.02545,0.1993429,0.1795429,300.5186,300.55,296.24,302.4,298.4,34.7,77.62,33.29,17.688572,2.5857143,27.542856,6.571429,31.7,23.3,31.3,10
sj,2002,45,2002-11-05,0.2614,0.11022,0.2918,0.3185,300.44,300.65,295.85284,302.4,298.9,9.5,76.167145,14.05,17.265715,3.1,27.385714,6.542857,31.1,23.3,8.4,6
sj,2002,46,2002-11-12,0.1478333,-0.003125,0.2781571,0.2477286,300.54572,300.75714,295.44714,302.3,298.7,7.6,73.781425,0.0,16.818571,2.6857142,27.314285,7.0142856,31.1,22.8,3.8,13
sj,2002,47,2002-11-19,0.1478333,-0.1225,0.2220571,0.1913857,299.98285,299.8857,295.94287,302.1,298.2,32.3,78.60571,100.94,17.338572,2.6857142,27.214285,6.8428574,32.2,23.3,30.8,6
sj,2002,48,2002-11-26,-0.005633333,-0.03725,0.2773286,0.2907286,300.04858,300.12857,296.09286,302.3,297.8,22.77,78.96286,11.61,17.51,2.4857142,26.985714,7.0,32.2,21.7,28.0,5
sj,2002,49,2002-12-03,-0.2439,-0.1209333,0.2790857,0.2488429,300.17,300.3143,295.20572,302.0,298.0,5.9,74.372856,0.0,16.578571,2.7142856,26.428572,7.285714,31.1,21.7,2.9,5
sj,2002,50,2002-12-10,-0.1743,-0.0723,0.1993,0.1713,299.89285,299.92856,294.97858,301.4,298.3,7.45,74.51714,7.32,16.327143,1.7714286,26.071428,6.642857,30.0,21.7,40.6,9
sj,2002,51,2002-12-17,-0.043,-0.12895,0.1854143,0.2088,299.37857,299.6,294.57715,301.2,297.7,8.3,74.942856,0.0,15.918571,2.3714285,25.928572,6.9714284,30.6,21.7,18.6,3
sj,2002,52,2002-12-24,0.0358,-0.2528,0.2434333,0.1369286,298.63858,298.80713,294.80573,301.1,296.7,19.7,79.48286,6.58,16.16,2.7857144,25.7,5.7714286,29.4,22.2,31.7,6
sj,2003,1,2003-01-01,-0.07195,-0.04525,0.2304571,0.1757143,298.04144,298.08572,294.38144,300.3,295.8,20.5,80.30857,0.0,15.845715,1.6571429,25.057142,5.8714285,28.9,21.1,25.7,11
sj,2003,2,2003-01-08,-0.2,-0.07096667,0.18055,0.1824833,298.61572,298.72144,294.60428,300.7,296.8,36.6,78.671425,0.0,15.94,2.0428572,25.457144,6.6571426,30.0,21.1,35.3,7
sj,2003,3,2003-01-15,0.0466,0.008225,0.2926429,0.2266286,298.86142,299.12143,294.21713,301.1,296.0,2.5,75.70286,0.0,15.587143,3.0714285,25.72857,7.9428573,31.1,20.6,0.0,7
sj,2003,4,2003-01-22,0.05374,0.071375,0.1781714,0.1565714,299.04285,299.35,294.2686,301.0,297.4,3.6,75.01572,0.0,15.6,2.7,25.685715,7.4428573,30.6,21.1,2.9,15
sj,2003,5,2003-01-29,0.0214,0.0542,0.08465,0.1010286,298.18143,298.35715,294.33713,301.1,296.4,32.3,79.51714,0.0,15.7,2.6571429,25.328571,7.1,30.6,20.6,59.7,9
sj,2003,6,2003-02-05,0.0567,0.0702,0.1939857,0.1746714,298.21143,298.32144,294.25714,300.9,296.4,18.4,78.84143,25.2,15.63,2.7,25.2,6.9714284,29.4,21.1,19.4,6
sj,2003,7,2003-02-12,0.0567,-0.09663333,0.1922667,0.2225,298.37,298.4357,294.57715,300.3,296.3,33.6,79.72429,68.17,15.914286,2.3285713,25.4,6.1714287,29.4,21.7,37.1,6
sj,2003,8,2003-02-19,0.0015,-0.03445,0.1614286,0.1584857,298.78,299.0,294.02573,300.9,297.3,9.7,75.07714,0.0,15.37,2.6571429,25.585714,7.0571427,30.6,20.6,7.4,6
sj,2003,9,2003-02-26,-0.03046667,-1e-04,0.1286333,0.1561167,298.67,298.83572,293.85428,300.6,296.9,7.2,74.73428,0.0,15.194285,2.3,25.62857,6.742857,30.0,21.1,8.2,7
sj,2003,10,2003-03-05,-0.20635,-0.141,0.3221857,0.2998286,298.73572,298.99286,293.4757,300.7,296.9,0.5,72.69,0.0,14.872857,3.0142858,25.285715,8.042857,29.4,20.6,5.1,10
sj,2003,11,2003-03-12,0.02535,0.0481,0.1018429,0.1365286,299.00427,299.27142,294.10858,300.9,297.1,2.7,74.608574,0.0,15.49,2.6285715,26.542856,7.385714,31.1,21.7,2.6,8
sj,2003,12,2003-03-19,-0.05203333,0.01422,0.1556429,0.1822714,298.88144,299.05713,293.48428,300.8,297.4,1.8,72.13571,0.0,14.884286,2.4285715,26.457144,7.928571,31.1,21.7,1.3,7
sj,2003,13,2003-03-26,-0.1169,-0.091575,0.1527286,0.1867714,298.75287,299.0357,293.80142,301.6,296.3,7.3,74.325714,0.0,15.221429,3.7571428,26.928572,7.0571427,32.2,22.8,2.0,12
sj,2003,14,2003-04-02,0.0925,-0.05085,0.1298,0.1214286,298.9,299.04285,294.33142,301.9,296.8,7.5,76.134285,0.0,15.73,3.3714285,26.7,6.9857144,33.3,22.2,30.0,3
sj,2003,15,2003-04-09,0.12815,0.09896667,0.1515,0.1395429,298.33,298.40714,294.54285,301.1,296.1,43.64,79.63571,38.52,15.901428,2.7,26.4,6.1714287,32.2,22.8,28.2,2
sj,2003,16,2003-04-16,0.12815,-0.0029,0.07464286,0.09557143,298.70285,298.77142,295.00714,301.3,296.8,23.5,80.24143,5.96,16.381428,2.7428572,26.428572,6.6857142,31.7,22.8,46.5,7
sj,2003,17,2003-04-23,-0.078,-0.1252,0.1486714,0.1594714,298.4457,298.42142,295.48285,301.4,296.3,111.7,83.75143,389.6,16.885714,2.7857144,25.357143,6.428571,30.6,20.6,88.2,5
sj,2003,18,2003-04-30,0.0681,0.0355,0.2512714,0.2120714,299.1857,299.4,295.44714,302.3,296.8,15.2,80.07143,26.56,16.832857,3.0857143,26.928572,6.5,32.2,23.3,75.2,5
sj,2003,19,2003-05-07,-0.0477,0.072125,0.2656833,0.2382143,300.03857,300.20715,295.18,302.2,298.3,1.5,74.80857,16.65,16.517143,3.0142858,27.642857,7.571429,32.8,23.3,2.5,7
sj,2003,20,2003-05-14,0.01485,-0.0432,0.1687571,0.1725429,299.57715,299.72858,294.60144,301.5,297.7,7.7,74.23,10.86,15.93,2.7142856,26.9,6.8285713,31.1,22.8,7.0,7
sj,2003,21,2003-05-21,0.01485,0.0041,0.1526143,0.1243571,299.63428,299.70715,295.1843,301.5,298.0,13.76,76.704285,60.93,16.572857,2.3285713,27.057142,6.7714286,31.1,22.8,10.1,7
sj,2003,22,2003-05-28,-0.0457,-0.007566667,0.1959143,0.1780571,299.50858,299.6857,296.01715,301.8,297.0,28.3,81.29143,111.7,17.424286,2.4,27.757143,6.757143,32.2,22.8,22.9,7
sj,2003,23,2003-06-04,-0.0457,0.06276667,0.1974571,0.175,300.09143,300.33572,295.55573,302.4,298.2,1.6,76.33428,9.1,16.901428,2.7285714,27.971428,7.385714,32.2,22.8,3.3,10
sj,2003,24,2003-06-11,0.05063333,0.055875,0.10935,0.09871429,299.75287,299.84286,295.39716,301.6,297.8,20.1,77.141426,18.25,16.758572,2.7142856,27.4,6.6571426,31.1,22.8,33.8,13
sj,2003,25,2003-06-18,0.0675,0.0484,0.1730429,0.1369857,299.8857,300.01428,295.63144,301.6,297.9,21.81,77.73143,39.21,17.022858,2.4571428,27.471428,5.5857143,30.6,23.9,36.6,10
sj,2003,26,2003-06-25,-0.1798,-0.05245,0.1182714,0.1597286,299.91144,300.14285,296.35284,301.9,298.5,18.4,80.98,17.92,17.754286,2.4,28.028572,6.042857,32.2,24.4,0.6,14
sj,2003,27,2003-07-02,-0.0853,0.02575,0.2083857,0.2085571,300.3557,300.5,296.36285,302.0,298.4,5.8,78.92857,0.0,17.744286,2.5428572,28.642857,6.1,32.8,24.4,13.0,11
sj,2003,28,2003-07-09,-0.0853,0.296,0.1916857,0.175,299.92715,299.95715,296.1,301.8,298.1,44.04,79.65857,10.83,17.487143,2.5428572,28.042856,6.1857142,31.7,23.9,17.9,20
sj,2003,29,2003-07-16,-0.05675,-0.1126667,0.2248714,0.1869,300.1543,300.34286,296.3157,301.7,298.4,21.9,79.744286,62.57,17.724285,1.9142857,27.471428,5.885714,31.7,21.7,43.0,25
sj,2003,30,2003-07-23,0.1045,0.0661,0.1618571,0.1561714,300.50143,300.48572,296.29285,302.6,298.2,13.4,77.8,0.0,17.658571,2.8,28.142857,6.114286,32.8,23.3,8.0,17
sj,2003,31,2003-07-30,0.04995,-0.03565,0.1580333,0.192,300.13,300.3,296.8943,301.8,298.9,46.9,82.601425,41.92,18.338572,1.8285714,27.87143,5.5571427,31.7,24.4,48.9,18
sj,2003,32,2003-08-06,0.0785,0.03633333,0.2077857,0.2106714,300.38,300.57144,296.79,302.1,298.8,22.5,80.84,28.0,18.215714,2.2571428,28.071428,5.8,31.7,25.0,8.2,25
sj,2003,33,2003-08-13,0.0348,0.0317,0.2225714,0.2039857,300.51285,300.57858,296.69,302.5,298.8,29.1,79.788574,11.37,18.145714,2.557143,27.928572,5.8714285,32.2,24.4,17.0,21
sj,2003,34,2003-08-20,0.0726,0.0519,0.1617286,0.1578143,300.7743,300.79285,296.61142,302.8,298.9,31.0,78.25429,42.46,18.061428,2.7857144,28.142857,6.928571,32.2,23.9,25.7,31
sj,2003,35,2003-08-27,0.0726,0.1,0.2043714,0.1603571,300.66858,300.72858,297.04858,302.8,298.7,50.86,80.79714,98.68,18.571428,2.5428572,27.914286,6.457143,31.7,23.3,69.6,32
sj,2003,36,2003-09-03,0.0726,0.1,0.2036286,0.2409286,300.63144,300.75,297.41858,302.7,298.7,63.0,82.78429,86.4,18.96857,2.1857142,27.685715,6.071429,31.7,24.4,29.8,26
sj,2003,37,2003-09-10,0.09445,-0.01352,0.2407,0.2419286,300.96713,301.22858,297.10858,303.7,299.0,12.5,79.704285,16.81,18.635714,3.142857,28.72857,6.3285713,34.4,25.0,20.9,35
sj,2003,38,2003-09-17,-0.0939,0.086425,0.2489,0.2247429,301.14285,301.4,296.77573,304.3,298.8,13.9,77.36714,38.7,18.29857,3.4571428,28.87143,6.4857144,34.4,25.0,2.3,28
sj,2003,39,2003-09-24,-0.0874,0.09725,0.2545714,0.2119143,300.79144,300.91428,297.12,303.3,298.7,26.59,80.53,99.61,18.678572,2.7142856,28.042856,7.4428573,33.9,22.2,76.5,37
sj,2003,40,2003-10-01,-0.0874,0.0151,0.2174857,0.2088143,301.19427,301.40714,297.26715,303.5,299.5,11.0,79.35571,78.94,18.824286,2.9,28.6,6.1857142,32.2,25.0,9.9,41
sj,2003,41,2003-10-08,0.0204,0.03275,0.1634429,0.1103714,300.93286,301.1,296.38428,303.2,299.2,6.3,76.435715,0.61,17.884285,2.857143,28.1,6.042857,31.7,24.4,0.8,34
sj,2003,42,2003-10-15,0.0161,0.0371,0.2434,0.2677286,300.67856,300.82858,296.94,302.9,298.3,97.7,80.25,118.5,18.485714,2.5142858,27.12857,6.6857142,32.2,22.8,61.0,30
sj,2003,43,2003-10-22,-0.0416,0.0553,0.1699286,0.1281714,301.09,301.15714,296.79,302.9,299.0,10.7,77.531425,20.44,18.301428,2.857143,28.028572,7.0,32.8,23.9,10.9,39
sj,2003,44,2003-10-29,0.0892,0.00035,0.09465,0.08811429,300.95285,301.1143,296.65143,303.4,298.6,17.08,77.56143,96.7,18.157143,2.8,27.8,6.928571,33.3,23.9,11.0,39
sj,2003,45,2003-11-05,0.0892,0.1635,0.1377167,0.1248,300.16287,300.23572,296.0,302.7,297.5,35.9,78.08,79.96,17.47,3.2714286,27.37143,7.1857142,32.8,22.2,62.4,39
sj,2003,46,2003-11-12,0.06925,0.055375,0.06548571,0.07488571,300.0543,300.05,296.6657,301.7,298.3,92.1,81.825714,97.28,18.16,2.3,27.157143,6.857143,31.7,22.8,74.7,34
sj,2003,47,2003-11-19,-0.21795,0.015,0.1281429,0.1350143,299.07285,299.15,296.83142,300.7,297.7,181.74,87.575714,390.6,18.37,1.9857143,26.3,4.6857142,31.7,23.9,133.2,30
sj,2003,48,2003-11-26,-0.07015,-0.037775,0.2369429,0.2084571,298.8143,298.90714,295.76,301.0,297.2,38.7,83.41,16.2,17.227142,2.357143,25.971428,6.114286,30.6,22.8,54.2,37
sj,2003,49,2003-12-03,-0.00305,0.0534,0.1275667,0.1174857,299.10715,299.24286,294.80856,300.7,297.4,10.26,77.30857,0.0,16.204287,1.9428571,26.185715,5.614286,29.4,21.7,2.1,29
sj,2003,50,2003-12-10,-0.1476,-0.1538,0.1616833,0.1077714,299.1743,299.1857,295.03143,301.5,297.5,50.6,78.23286,182.81,16.46857,2.142857,25.642857,5.0142856,29.4,22.2,82.8,26
sj,2003,51,2003-12-17,-0.03753333,-0.0526,0.2905667,0.1977429,298.55573,298.60715,294.99286,300.5,296.9,12.28,80.79714,0.0,16.39,2.1571429,25.842857,5.4142857,29.4,22.2,11.0,15
sj,2003,52,2003-12-24,0.02085,-0.0398,0.1581375,0.1479444,299.04428,299.17856,295.02573,300.8,297.2,9.14,78.68857,1.96,16.375713,2.7,26.014286,6.5,30.0,21.1,12.0,22
sj,2004,1,2004-01-01,-0.2683,-0.1237,0.2237571,0.1765429,299.04428,299.17856,295.02573,300.8,297.2,9.14,78.68857,1.96,16.375713,2.7,26.014286,6.5,30.0,21.1,12.0,15
sj,2004,2,2004-01-08,-0.0731,0.0172,0.2147286,0.2224429,297.64856,297.57144,292.3743,299.3,296.1,20.7,72.57714,0.0,13.881429,2.0285714,24.385714,5.5571427,27.8,20.6,15.6,20
sj,2004,3,2004-01-15,-0.0731,0.0026,0.2821,0.2899,297.8,297.97144,293.89572,299.5,296.5,20.2,78.942856,36.07,15.257143,2.1714287,24.342857,5.957143,28.3,20.0,23.7,14
sj,2004,4,2004-01-22,-0.18635,-0.178625,-0.01553333,0.01025,297.72858,298.10715,293.6657,300.2,295.7,1.1,78.26428,0.0,15.061429,3.0428572,24.528572,6.1,27.8,20.6,10.2,10
sj,2004,5,2004-01-29,-0.0535,-0.108,0.2362571,0.2804143,297.56,297.6,292.87857,300.0,295.8,2.0,75.42286,0.0,14.39,2.4571428,24.62857,6.2,28.9,20.0,1.8,21
sj,2004,6,2004-02-05,-0.0535,-0.0489,0.2528429,0.2169857,297.97144,298.25,293.53714,300.8,295.6,3.8,76.52286,0.0,14.941428,2.8428571,24.985714,7.928571,31.1,19.4,4.6,14
sj,2004,7,2004-02-12,-0.0423,0.0231,0.2463857,0.1925571,298.3257,298.50714,293.5186,299.8,297.3,3.04,74.65,0.0,14.874286,1.9857143,24.885714,6.7285714,28.9,20.0,15.0,14
sj,2004,8,2004-02-19,-0.1567,-0.0768,0.1538429,0.1494,298.28857,298.57144,293.27,300.1,297.2,1.7,73.79143,0.0,14.652857,2.4571428,25.2,6.9428573,29.4,20.6,11.4,9
sj,2004,9,2004-02-26,0.05716667,0.052025,0.139,0.1584429,297.53427,297.95715,293.61856,300.6,295.8,19.92,79.027145,0.0,15.004286,2.6285715,24.185715,6.7285714,28.3,19.4,19.3,11
sj,2004,10,2004-03-04,-0.0638,0.0905,0.2206,0.2357714,297.82428,298.05713,293.64572,301.2,296.0,16.2,77.76143,0.0,15.065714,2.6857142,25.157143,7.214286,31.1,20.6,15.8,5
sj,2004,11,2004-03-11,-0.0505,0.02825,0.1867,0.1538,297.50427,297.62857,292.1857,300.0,296.0,6.27,72.30572,0.0,13.671429,2.2285714,25.428572,5.957143,30.6,21.1,2.5,6
sj,2004,12,2004-03-18,-0.0505,0.02825,0.02834286,0.0116,298.25427,298.42856,294.25143,300.3,296.0,13.81,78.54714,0.0,15.591429,2.5714285,25.914286,6.642857,31.1,20.6,12.2,7
sj,2004,13,2004-03-25,-0.40625,0.07343333,0.1199,0.1322667,298.32,298.6,293.96143,300.1,297.3,11.1,76.87143,0.0,15.338572,2.2857144,25.557142,6.7285714,30.0,21.1,3.0,11
sj,2004,14,2004-04-01,-0.40625,0.023175,0.1476286,0.1583857,296.8943,296.92142,293.28143,299.9,294.3,81.1,80.365715,28.35,14.721429,2.4142857,24.7,6.0285716,28.9,20.6,60.7,4
sj,2004,15,2004-04-08,0.4934,0.1412,0.3543429,0.2740857,297.75858,298.08572,293.32285,300.9,295.6,11.0,76.44572,0.0,14.755714,3.2,25.4,7.385714,31.1,20.6,5.6,3
sj,2004,16,2004-04-15,0.0061,0.0162,0.1967286,0.1820857,298.69427,298.90714,294.33286,301.1,296.6,2.6,77.06,5.75,15.748571,3.1,25.957144,6.0857143,29.4,22.8,31.5,2
sj,2004,17,2004-04-22,0.0061,-0.04705,0.2125571,0.2720286,298.66,298.87143,293.18286,300.7,297.2,13.8,71.954285,23.59,14.662857,2.5714285,25.842857,6.1857142,29.4,21.7,5.6,6
sj,2004,18,2004-04-29,0.0061,-0.08976667,0.0633,0.1553833,299.0643,299.32858,295.04858,301.4,297.5,11.86,78.60286,75.28,16.42,2.5142858,26.157143,5.714286,30.0,22.8,23.4,10
sj,2004,19,2004-05-06,0.0061,-0.08976667,0.09315,0.1181333,299.09,299.20715,294.38,301.1,297.3,20.56,75.38571,9.57,15.75,2.3,26.27143,6.2714286,30.6,22.2,30.2,7
sj,2004,20,2004-05-13,-0.0904,0.118525,0.1076333,0.21006,298.76572,298.91428,295.37,301.3,297.2,36.9,81.711426,15.78,16.73,2.6571429,26.72857,5.5285716,31.1,22.8,18.1,5
sj,2004,21,2004-05-20,0.05286667,0.06016667,0.1156429,0.1297857,298.12143,298.1143,295.1543,300.0,296.5,79.0,83.832855,96.99,16.52143,1.7714286,26.042856,4.6714287,29.4,22.8,53.6,3
sj,2004,22,2004-05-27,-0.02563333,-0.008066667,0.1591143,0.1588,298.36572,298.45715,295.34714,300.4,297.2,90.2,83.55,175.41,16.74,2.0,24.814285,4.9142857,28.9,21.7,145.8,12
sj,2004,23,2004-06-03,-0.07055,-0.02854,0.08158571,0.1132429,300.0543,300.20715,296.4457,302.2,298.2,5.36,80.91428,13.51,17.881428,2.9,27.957144,7.542857,33.3,22.8,4.6,13
sj,2004,24,2004-06-10,0.0218,-0.0441,0.1412,0.1782429,299.81714,299.75714,296.10144,301.5,298.0,30.07,80.17714,6.12,17.475714,2.3142858,28.042856,6.3428574,31.7,23.9,17.6,10
sj,2004,25,2004-06-17,0.017425,0.07494,0.1466571,0.1337429,300.03714,300.1357,296.58856,302.5,297.8,20.0,81.56143,13.07,17.984285,3.2428572,28.328571,7.1285715,33.3,22.8,81.5,13
sj,2004,26,2004-06-24,0.0101,-0.00385,0.1837714,0.1702143,300.53714,300.64285,296.4157,302.5,297.9,17.0,78.29714,41.41,17.794285,2.857143,28.22857,6.2714286,32.2,23.9,8.9,13
sj,2004,27,2004-07-01,0.0101,0.0083,0.1515714,0.1447429,300.6443,300.67856,296.55713,302.5,298.4,32.2,78.48143,28.37,17.95143,2.6142857,28.342857,6.1857142,32.2,23.3,67.6,8
sj,2004,28,2004-07-08,-0.0267,-0.01173333,0.1683286,0.1751143,300.25858,300.25714,296.33,301.9,298.6,43.83,79.18143,39.05,17.72857,2.5714285,27.828571,6.428571,31.1,23.3,76.5,21
sj,2004,29,2004-07-15,-0.0529,-0.101,0.1853143,0.1498429,300.5757,300.67142,296.79715,302.4,299.0,15.8,79.99571,59.15,18.252857,2.2,28.242857,5.242857,31.7,25.0,16.0,18
sj,2004,30,2004-07-22,0.0674,0.08983333,0.1748286,0.1487429,300.40143,300.4,296.0957,302.3,298.4,31.21,77.49857,23.74,17.51,2.6857142,28.014286,6.5285716,31.7,23.9,26.2,8
sj,2004,31,2004-07-29,-0.0117,-0.05443333,0.1905286,0.1573,300.23428,300.2857,296.82285,302.1,298.5,31.51,81.807144,40.86,18.307142,2.5714285,28.042856,6.3714285,31.7,23.9,44.0,7
sj,2004,32,2004-08-05,0.0058,0.0327,0.1741,0.1838143,300.58856,300.64285,296.6,302.7,298.4,24.6,79.02571,35.99,18.052856,2.9714286,28.528572,6.5857143,32.2,24.4,12.8,20
sj,2004,33,2004-08-12,0.0374,0.1084,0.1253,0.1774143,300.99573,301.2,296.4,302.9,299.2,14.1,76.171425,20.92,17.818571,2.6571429,28.942858,7.2285714,33.9,24.4,10.5,14
sj,2004,34,2004-08-19,-0.0164,-0.021875,0.1816,0.1706,300.79428,300.85,297.2686,302.6,298.6,44.4,81.26428,37.3,18.774286,2.5857143,29.0,6.3142858,32.2,24.4,28.3,14
sj,2004,35,2004-08-26,0.0996,0.0633,0.1006571,0.1094286,300.91287,301.05,297.0543,302.6,298.7,13.5,79.68429,20.3,18.53143,2.642857,29.057142,6.4857144,33.3,25.0,20.6,7
sj,2004,36,2004-09-02,0.0414,0.0498,0.1631286,0.1992,300.86142,300.9,296.39,302.6,298.9,25.37,76.711426,62.61,17.822857,2.6285715,28.614286,7.0571427,32.8,24.4,23.8,14
sj,2004,37,2004-09-09,0.1076,0.074925,0.1059143,0.09598571,300.95856,301.0,297.15,302.8,299.3,33.4,79.865715,42.51,18.717142,2.3428571,28.985714,6.9714284,33.9,25.0,20.6,10
sj,2004,38,2004-09-16,0.04015,0.074925,0.09487143,0.1394429,301.1,301.25714,297.3043,303.3,299.3,16.0,80.03286,52.29,18.904285,2.4285715,28.642857,6.114286,32.2,24.4,32.8,13
sj,2004,39,2004-09-23,0.04015,-0.06745,0.2252571,0.2332,299.79858,299.95715,297.08142,302.9,297.7,254.95,85.33,245.73,18.645714,2.5428572,27.22857,6.0571427,33.9,23.3,158.2,27
sj,2004,40,2004-09-30,0.033475,0.007625,0.24358,0.1786333,301.02856,301.20715,296.47858,303.6,298.7,8.57,76.47143,10.06,17.964285,3.6714287,29.142857,8.085714,34.4,24.4,21.8,13
sj,2004,41,2004-10-07,-0.0168,0.02526667,0.09047143,0.05836667,300.68,300.67856,296.5843,302.5,298.9,35.7,78.47714,34.73,18.072857,2.557143,28.285715,6.214286,31.7,24.4,24.4,18
sj,2004,42,2004-10-14,-0.0168,0.09375,0.2360286,0.2138714,300.50858,300.67856,296.8643,303.4,298.6,41.4,80.66572,83.2,18.402857,3.1571429,28.12857,6.1857142,32.2,23.9,41.4,16
sj,2004,43,2004-10-21,0.0969,0.07463333,0.08211667,0.0797,300.64716,300.80713,296.22144,302.7,299.2,18.0,76.92286,10.82,17.695715,2.442857,28.285715,6.7285714,32.2,23.9,15.1,16
sj,2004,44,2004-10-28,0.0802,0.088,0.096,0.1182286,299.89285,300.15714,296.26,302.4,298.6,25.2,80.655716,96.72,17.764286,2.3714285,27.5,5.642857,31.7,23.9,34.1,20
sj,2004,45,2004-11-04,0.1337,0.1288,0.24505,0.1911143,299.67,299.9,295.3757,301.8,298.2,31.2,77.53286,105.49,16.818571,2.4,27.057142,6.5285716,30.6,22.8,109.0,17
sj,2004,46,2004-11-11,0.0199,-0.00135,0.039,0.06477143,299.92142,299.97144,295.59857,302.1,298.3,24.5,77.31143,18.75,17.038572,2.4,27.242857,6.357143,31.1,23.9,7.7,4
sj,2004,47,2004-11-18,0.3274,-0.0064,0.2224857,0.1364714,298.54715,298.55713,295.55713,300.4,296.9,145.8,83.62857,122.87,17.007143,1.8571428,26.328571,4.6285715,28.9,23.3,70.7,15
sj,2004,48,2004-11-25,0.0435,-0.0607,0.1951571,0.2427714,298.43,298.45715,293.45572,300.0,297.0,24.9,74.30286,18.37,14.921429,1.9714285,26.328571,4.9,29.4,23.3,26.9,8
sj,2004,49,2004-12-02,-0.1613,-0.08855,0.2108714,0.2731429,298.79144,298.9,293.74,300.3,297.6,2.71,73.75714,0.0,15.162857,2.1142857,25.642857,6.4428573,28.9,21.1,7.7,6
sj,2004,50,2004-12-09,-0.0039,-0.0262,0.2083167,0.17965,298.16428,298.3643,293.2743,300.2,296.1,2.8,74.325714,0.0,14.708571,2.357143,25.157143,6.3142858,28.9,20.6,10.4,12
sj,2004,51,2004-12-16,-0.15165,-0.0214,0.1828167,0.1342571,298.80286,298.95,295.25287,300.8,297.5,29.32,80.88857,5.54,16.62143,2.2428572,26.27143,5.6285715,30.6,22.8,30.6,15
sj,2004,52,2004-12-23,-0.1261,-0.06296667,0.1994857,0.14035,298.68286,298.87143,295.74142,300.9,296.9,41.3,83.95286,150.31,17.148571,2.057143,26.242857,5.714286,30.0,22.8,55.7,11
sj,2005,53,2005-01-01,-0.1261,-0.06296667,0.1994857,0.14035,298.68286,298.87143,295.74142,300.9,296.9,41.3,83.95286,150.31,17.148571,2.057143,26.242857,5.714286,30.0,22.8,55.7,10
sj,2005,1,2005-01-08,0.0079,-0.04963333,0.1246571,0.1004429,297.58713,297.66428,292.77142,299.5,296.1,21.68,74.77857,0.0,14.261429,1.9571428,24.985714,4.9,28.3,21.1,23.8,15
sj,2005,2,2005-01-15,0.02435,-0.019275,0.1335429,0.1272429,297.6,297.6143,293.66714,298.9,296.2,43.1,78.79857,0.0,15.042857,1.9142857,25.2,5.385714,28.3,22.2,55.6,17
sj,2005,3,2005-01-22,-0.1118333,-0.07645,0.2029,0.2233571,297.39572,297.55713,294.30856,299.4,295.8,76.36,83.05572,14.67,15.671429,1.9142857,25.22857,4.9142857,28.3,21.7,32.4,7
sj,2005,4,2005-01-29,-0.0479,0.0431,0.1743,0.1456429,296.5357,296.6143,292.51285,299.0,294.8,31.85,78.538574,15.2,14.091429,2.6571429,23.757143,6.3285713,28.3,17.8,34.0,7
sj,2005,5,2005-02-05,0.0442,-0.0758,0.2056,0.1781429,296.15286,296.17142,292.2,297.8,294.3,31.8,78.64,0.0,13.77,1.9714285,23.714285,4.5285716,27.8,19.4,5.4,8
sj,2005,6,2005-02-12,-0.08175,-0.03735,0.2976571,0.3102571,296.10144,296.17142,290.46713,299.5,293.3,6.4,70.795715,0.0,12.362857,3.1142857,23.314285,5.9857144,26.7,19.4,10.1,9
sj,2005,7,2005-02-19,-0.08175,0.093,0.1756571,0.1842857,296.35284,296.4,291.03714,298.7,293.4,5.3,72.24571,0.0,12.807143,3.0857143,23.414286,6.2285714,26.7,18.9,4.6,12
sj,2005,8,2005-02-26,0.1083,-0.04855,0.1908714,0.1969714,296.48,296.55,291.5843,298.0,295.0,10.1,74.19143,0.0,13.241428,2.1571429,24.485714,4.614286,27.2,21.7,2.1,12
sj,2005,9,2005-03-05,-0.1036667,-0.04113333,0.1607,0.1097667,297.27142,297.45,293.2743,300.3,295.5,5.92,78.667145,0.0,14.75,2.9571428,25.028572,7.1285715,30.6,20.0,5.3,5
sj,2005,10,2005-03-12,-0.1036667,0.0781,0.2434571,0.2521571,298.06143,298.22144,293.77,301.4,295.5,3.3,77.39286,3.93,15.204286,4.357143,26.014286,7.7,31.1,20.0,0.0,4
sj,2005,11,2005-03-19,0.0644,0.01095,0.1937429,0.2441714,297.85144,297.91428,292.7857,301.6,294.8,0.3,73.58572,0.0,14.282857,4.257143,25.842857,8.414286,33.3,20.0,0.0,11
sj,2005,12,2005-03-26,-0.044,-0.0753,0.1609286,0.2079714,298.24713,298.5,293.21713,301.2,295.6,0.2,73.86714,0.0,14.668571,3.9142857,26.4,8.514286,32.8,20.0,0.0,4
sj,2005,13,2005-04-02,-0.044,-0.0987,0.1752,0.1482286,299.07285,299.3143,294.44427,301.0,297.3,0.2,75.737144,0.0,15.782857,2.8,27.485714,8.671429,33.3,22.2,0.0,5
sj,2005,14,2005-04-09,0.0045,-0.00048,0.1233167,0.1557833,299.10715,299.3643,294.92856,301.5,297.4,8.0,78.00285,13.44,16.304285,3.0142858,27.3,7.4857144,33.3,22.2,7.4,7
sj,2005,15,2005-04-16,-0.1235,-0.1235,0.1525833,0.1210857,299.19,299.37857,294.94714,301.9,296.8,23.7,77.65,33.69,16.315714,3.3857143,27.4,8.157143,32.8,22.8,21.1,1
sj,2005,16,2005-04-23,0.01683333,0.005433333,0.09328333,0.1092167,300.01285,300.10715,295.64856,302.7,297.1,3.6,77.24286,42.88,17.055714,3.7285714,28.171429,8.414286,33.9,22.2,97.3,1
sj,2005,17,2005-04-30,-0.09295,0.005433333,0.1012333,0.106,298.91714,299.02142,295.53857,301.6,296.4,98.5,81.75143,234.13,16.964285,3.5857143,26.785715,6.885714,32.8,22.8,207.5,4
sj,2005,18,2005-05-07,-0.1362,-0.2498,0.2218,0.2113714,299.54,299.5643,295.5543,301.9,297.5,11.0,78.90714,0.0,16.962856,2.7571428,27.37143,5.7,31.7,23.3,48.2,2
sj,2005,19,2005-05-14,0.06313333,0.082275,0.1302667,0.09501667,299.94858,299.94287,295.3,301.8,297.9,10.11,75.69857,38.66,16.672857,2.9142857,27.3,6.2285714,31.7,23.3,11.4,6
sj,2005,20,2005-05-21,0.06313333,0.0481,0.07107143,0.04847143,299.0657,298.98572,296.0757,301.6,296.8,96.0,83.762856,102.56,17.532858,2.5142858,26.27143,5.957143,30.6,22.2,110.9,3
sj,2005,21,2005-05-28,0.0476,0.06735,0.0966,0.08731429,299.80573,300.0357,296.9,303.0,297.1,145.7,84.33572,156.94,18.485714,3.0714285,28.385714,6.6571426,35.0,23.9,71.2,4
sj,2005,22,2005-06-04,-0.0143,-0.004475,0.1778,0.1467571,300.84,300.87857,297.59857,303.4,298.7,14.59,82.63,84.78,19.207144,2.9,28.842857,6.3428574,34.4,25.0,23.9,10
sj,2005,23,2005-06-11,0.0606,0.09883333,0.1881857,0.1763,301.11716,301.12857,296.68857,303.0,299.4,4.5,76.94,32.02,18.165714,2.5714285,28.72857,5.957143,32.8,24.4,4.4,12
sj,2005,24,2005-06-18,0.0449,0.1177,0.1211143,0.1242143,299.9814,300.10715,296.54428,302.1,298.3,15.9,81.51572,97.46,18.028572,2.8714285,27.514286,5.8,31.1,23.9,44.5,21
sj,2005,25,2005-06-25,0.0449,0.0634,0.2097429,0.2099286,301.33713,301.35715,297.45856,304.0,298.5,4.2,79.718575,8.36,19.04143,3.5142858,30.028572,7.6571426,34.4,25.0,0.0,26
sj,2005,26,2005-07-02,0.0892,0.07075,0.09012857,0.09425714,301.08856,301.07858,297.3143,302.8,298.9,28.59,80.012856,23.36,18.845715,2.5857143,29.042856,6.8142858,33.3,24.4,52.3,21
sj,2005,27,2005-07-09,0.0854,0.246675,0.1717857,0.2381,301.28143,301.2857,297.3643,303.7,299.2,32.4,79.377144,42.06,18.885714,2.942857,29.028572,6.257143,33.9,25.0,34.8,30
sj,2005,28,2005-07-16,0.0514,0.051625,0.1122571,0.1370143,300.66714,300.62143,297.0,302.5,298.7,45.28,80.56143,92.52,18.508572,2.6142857,28.442858,6.3428574,32.8,24.4,52.8,45
sj,2005,29,2005-07-23,-0.0665,-0.021,0.2358286,0.2333429,300.87143,300.89285,296.9814,303.1,298.8,31.9,79.48143,39.49,18.481428,2.442857,28.385714,7.1,32.8,23.9,50.3,56
sj,2005,30,2005-07-30,-0.1087,-0.00945,0.2564429,0.2153714,300.85284,300.92142,297.58,302.9,298.7,34.3,82.40857,64.25,19.114286,2.7285714,28.928572,6.1714287,32.2,23.9,73.8,75
sj,2005,31,2005-08-06,-0.06475,-0.0267,0.1404,0.1212,301.15857,301.10715,297.29144,303.0,299.3,54.1,79.62143,80.34,18.831429,2.8714285,28.942858,5.928571,33.3,25.0,41.0,83
sj,2005,32,2005-08-13,-0.06475,0.02365,0.2691286,0.1919286,301.34857,301.37857,297.36716,303.5,299.2,11.93,79.25285,18.15,18.938572,2.9857142,29.471428,6.9714284,33.9,25.6,12.6,82
sj,2005,33,2005-08-20,0.0479,0.069675,0.08632857,0.09587143,301.46573,301.4643,297.18857,303.7,299.2,21.1,77.74,29.86,18.72,3.4142857,29.328571,6.5,33.3,25.6,18.1,126
sj,2005,34,2005-08-27,-0.1224,0.051,0.1057714,0.1418714,301.17856,301.22144,296.69287,303.7,299.1,28.1,76.73428,99.02,18.174286,3.3857143,27.928572,7.928571,33.3,22.8,31.7,119
sj,2005,35,2005-09-03,-0.1224,-0.0073,0.11122,0.1085857,301.29144,301.39285,297.28714,303.4,299.5,30.0,79.08143,77.05,18.867144,3.1857142,28.085714,6.571429,32.2,22.2,104.4,137
sj,2005,36,2005-09-10,0.0022,-0.0271,0.2050286,0.2202333,301.46573,301.51428,296.64285,304.1,298.6,3.7,75.43857,23.3,18.157143,4.428571,28.857143,7.0571427,33.9,24.4,8.9,131
sj,2005,37,2005-09-17,0.0073,0.0049,0.1523429,0.1456286,302.2,302.16428,297.79572,304.3,299.9,11.9,77.27286,43.57,19.44,3.3857143,29.242857,7.5571427,33.9,24.4,61.0,112
sj,2005,38,2005-09-24,0.0252,-0.05933333,0.1554286,0.1780286,301.49573,301.51428,297.0,303.7,298.9,14.6,76.66143,66.86,18.505714,3.5714285,28.585714,6.6571426,32.2,24.4,15.1,82
sj,2005,39,2005-10-01,0.0012,-0.02986667,0.1802833,0.1557333,301.1143,301.37143,297.12857,304.0,298.8,38.4,79.082855,36.86,18.704287,3.5428572,28.62857,6.1571426,32.2,25.0,19.8,73
sj,2005,40,2005-10-08,0.0488,0.0394,0.1125571,0.07724286,301.09,301.12857,296.95715,303.3,299.5,27.3,78.351425,68.31,18.498571,2.6857142,28.014286,6.3428574,32.8,23.3,18.6,43
sj,2005,41,2005-10-15,0.0419,0.02793333,0.05515,0.04244286,299.8343,300.01428,296.54715,303.0,297.9,60.4,82.26428,157.83,18.035715,2.5428572,27.014286,7.2285714,32.2,22.8,126.9,55
sj,2005,42,2005-10-22,0.02275,0.0278,0.2403571,0.2043429,300.6243,300.87857,297.32715,303.1,298.0,18.7,82.39,112.16,18.95857,2.9285715,28.042856,6.4428573,33.9,23.3,45.5,55
sj,2005,43,2005-10-29,-0.029975,0.05126667,0.1705571,0.1623143,300.69144,300.70715,297.38715,303.1,298.7,70.3,82.42286,20.75,18.991428,2.442857,27.971428,7.071429,33.3,23.9,55.1,53
sj,2005,44,2005-11-05,0.07596667,-0.0622,0.2535143,0.2017429,300.84143,300.94287,296.83142,302.9,298.9,26.26,78.97,39.72,18.34,2.5714285,27.957144,7.4,32.8,23.9,57.2,46
sj,2005,45,2005-11-12,-0.00135,0.06455,0.2022143,0.1520714,300.66428,300.73572,296.74857,302.6,299.0,20.43,79.32714,27.22,18.22857,2.1285715,27.87143,7.0142856,32.8,23.3,32.5,43
sj,2005,46,2005-11-19,0.0507,0.0174,0.2004429,0.1821714,299.97144,299.8143,296.19427,301.6,298.0,93.9,79.90143,37.36,17.63857,2.2571428,27.157143,6.542857,31.1,23.3,41.5,29
sj,2005,47,2005-11-26,0.0507,0.1654,0.2159143,0.1852286,299.46713,299.5643,295.11716,301.4,298.0,40.81,77.24571,14.49,16.54857,2.5857143,26.528572,6.0857143,30.0,22.2,23.6,22
sj,2005,48,2005-12-03,0.0507,0.1823,0.2686,0.2481857,299.18286,299.23572,295.1243,302.2,297.8,36.65,78.62428,26.65,16.571428,2.4142857,26.22857,5.8714285,30.6,22.8,80.7,26
sj,2005,49,2005-12-10,-0.03396667,0.04135,0.1812667,0.20685,298.57858,298.54285,293.01572,300.5,295.9,11.2,71.45571,0.0,14.507143,2.7428572,24.985714,6.3285713,28.9,20.6,27.5,13
sj,2005,50,2005-12-17,-0.0587,-0.07753333,0.1667571,0.1695143,299.13144,299.24286,294.33286,300.8,297.5,13.6,75.075714,0.0,15.721429,2.1714287,25.457144,6.0285716,29.4,21.1,30.0,17
sj,2005,51,2005-12-24,0.1077,0.0531,0.2853429,0.2935714,298.44,298.65,294.13858,300.9,296.5,20.64,77.31571,0.0,15.532857,2.5285714,24.62857,6.1857142,28.9,20.6,29.1,8
sj,2006,52,2006-01-01,-0.1062,-0.1376,0.1835,0.1697667,299.14716,299.30713,294.68286,301.4,297.5,22.5,76.578575,64.08,16.027143,2.2428572,25.885714,6.2714286,30.0,21.1,18.6,13
sj,2006,1,2006-01-08,-0.008233333,-0.04533333,0.1100714,0.09948571,298.67715,298.8643,293.8043,300.3,297.2,5.76,74.50857,16.27,15.202857,2.1,24.657143,6.257143,28.3,20.6,8.1,10
sj,2006,2,2006-01-15,-0.04245,0.00455,0.2592714,0.2393143,298.33286,298.55,293.10858,300.1,296.6,10.9,72.92857,72.69,14.571428,2.442857,24.057142,6.8,27.8,18.9,21.9,17
sj,2006,3,2006-01-22,-0.1942333,-0.11174,0.1015143,0.1011143,298.40143,298.52856,294.41714,300.9,296.7,41.5,78.72,74.41,15.794286,2.4285715,24.714285,6.357143,30.6,20.6,101.1,19
sj,2006,4,2006-01-29,0.009,-0.0458,0.1000167,0.1076833,298.28714,298.33572,293.51285,299.9,296.6,16.8,74.89714,0.0,14.897142,2.0142858,24.285715,5.142857,27.2,20.6,29.2,9
sj,2006,5,2006-02-05,0.0443,-0.005,0.1681333,0.1399571,297.54144,297.6357,292.34714,300.2,295.5,9.89,72.872856,0.0,13.86,2.1571429,23.414286,6.114286,28.9,18.9,7.6,9
sj,2006,6,2006-02-12,-0.3084,-0.1369,0.2661,0.2104571,297.8257,297.99286,293.45715,300.1,296.5,9.7,76.90714,18.15,14.898571,2.2142856,23.914286,6.385714,28.3,19.4,26.6,9
sj,2006,7,2006-02-19,0.3255,-0.02752,0.1900714,0.2061857,297.95572,298.24286,293.90857,300.9,295.6,10.37,78.494286,0.0,15.281428,3.0285714,24.742857,7.0571427,30.6,20.0,15.0,3
sj,2006,8,2006-02-26,-0.1032,0.1611,0.2396714,0.2859714,298.05573,298.20715,292.97144,300.1,296.7,8.1,73.41428,11.8,14.388572,2.3857143,24.857143,6.3428574,28.9,21.1,2.6,7
sj,2006,9,2006-03-05,-0.16734,-0.105825,0.16068,0.2190667,298.15857,298.5643,292.46143,300.9,296.3,0.2,70.69714,0.0,13.951428,2.642857,25.3,6.4857144,30.6,21.1,0.0,7
sj,2006,10,2006-03-12,-0.01313333,0.018275,0.1773,0.1503,297.9886,298.14285,293.07,300.8,295.4,7.5,74.28,0.0,14.497143,3.4285715,25.528572,6.8428574,30.6,21.1,3.3,0
sj,2006,11,2006-03-19,0.0109,-0.01436,0.1671,0.1572143,297.2614,297.39285,292.13144,300.3,295.4,19.63,73.21,16.74,13.7,2.6142857,25.514286,6.1857142,29.4,21.7,2.2,2
sj,2006,12,2006-03-26,0.0109,-0.10425,0.1246429,0.1394,298.06143,298.3,293.4057,300.4,296.0,10.35,75.527145,31.34,14.822857,2.857143,25.685715,6.1857142,29.4,21.7,7.4,3
sj,2006,13,2006-04-02,0.0109,0.0471,0.09765,0.08703333,298.30286,298.52142,293.52713,301.3,296.5,5.0,74.98428,24.44,14.937143,3.357143,26.657143,7.142857,32.8,22.2,7.9,3
sj,2006,14,2006-04-09,0.0455,0.07005,0.08821429,0.0959,298.24,298.55,294.41858,301.2,296.2,36.3,79.60286,174.04,15.794286,3.1857142,25.428572,5.642857,30.6,21.1,84.6,1
sj,2006,15,2006-04-16,0.0165,0.01794,0.1163167,0.1032857,298.67285,298.8143,294.17285,300.6,297.0,12.6,76.332855,44.84,15.565714,2.8,25.857143,6.0142856,30.6,22.2,48.3,3
sj,2006,16,2006-04-23,-0.012,-0.1001,0.1578167,0.1299714,298.59143,298.82144,294.45285,301.1,296.8,28.63,78.024284,60.86,15.865714,3.1,26.685715,6.1285715,30.6,22.8,5.4,3
sj,2006,17,2006-04-30,0.0351,0.0351,0.1158857,0.08678571,298.89856,299.19287,294.43857,302.0,296.6,26.99,76.60429,103.35,15.832857,3.2714286,26.314285,6.114286,30.6,22.8,75.2,3
sj,2006,18,2006-05-07,0.0144,0.04355,0.1209,0.09565714,298.87286,299.19287,294.72714,302.2,296.5,29.05,78.09857,54.47,16.124287,3.3857143,26.5,6.0142856,31.1,22.2,66.1,7
sj,2006,19,2006-05-14,0.0144,0.0534,0.07054286,0.08275714,298.12,298.29285,293.51572,300.0,296.7,19.4,75.92714,12.09,14.985714,2.357143,25.942858,5.071429,29.4,22.2,80.8,3
sj,2006,20,2006-05-21,0.0802,0.04546667,0.2060857,0.1872143,299.17142,299.30713,296.29572,301.9,297.2,90.4,84.31,103.95,17.734285,2.7857144,27.814285,7.242857,33.3,23.3,15.6,5
sj,2006,21,2006-05-28,0.0802,-0.1001333,0.2400833,0.2095714,300.50143,300.7143,296.36572,302.8,299.0,6.07,78.4,3.7,17.792856,2.9714286,29.028572,7.714286,33.9,24.4,0.5,11
sj,2006,22,2006-06-04,0.0582,0.033525,0.1129667,0.1009571,300.57,300.77142,295.91287,302.8,298.6,6.19,75.81143,64.92,17.29,3.0,28.585714,7.142857,33.9,24.4,22.1,5
sj,2006,23,2006-06-11,0.0144,0.0144,0.10458,0.1338286,300.7686,300.90714,296.05286,303.2,298.6,7.3,75.6,19.93,17.464285,3.0428572,28.914286,8.342857,34.4,24.4,1.3,5
sj,2006,24,2006-06-18,-0.01003333,-0.0572,0.1517,0.1498833,301.02142,301.14285,296.36142,303.3,299.6,12.4,75.92,7.56,17.784286,2.7428572,28.942858,7.6714287,34.4,23.3,34.0,6
sj,2006,25,2006-06-25,0.0255,0.04276667,0.1070429,0.1105571,300.47858,300.5357,296.64285,302.4,298.7,39.52,79.69572,19.95,18.091429,2.8142858,28.071428,6.757143,33.3,23.9,25.5,6
sj,2006,26,2006-07-02,0.1035,0.1977,0.1338714,0.1229429,300.50427,300.6357,297.16144,303.0,299.0,38.37,82.16,111.15,18.671429,2.2428572,27.87143,6.8142858,33.3,22.8,58.2,4
sj,2006,27,2006-07-09,0.063875,0.05485,0.1770333,0.1333333,300.5843,300.60715,296.5186,302.4,298.8,35.3,78.60429,52.63,17.915714,2.6142857,27.942858,6.8428574,32.2,22.8,26.7,4
sj,2006,28,2006-07-16,0.0193,0.06923333,0.1232714,0.1058286,300.26285,300.42856,296.78,303.0,298.4,64.68,81.47714,56.73,18.215714,2.6857142,27.842857,6.5142856,32.8,22.8,51.6,8
sj,2006,29,2006-07-23,0.04735,0.02816667,0.1966857,0.1615429,300.2443,300.22144,296.58713,302.3,298.3,40.4,80.538574,16.61,18.011429,2.557143,27.485714,6.4714284,31.7,22.8,36.8,14
sj,2006,30,2006-07-30,-0.05556667,-0.10605,0.1034143,0.1018,300.79428,300.95,296.76285,302.8,298.6,19.1,78.77286,29.74,18.207144,2.6714287,28.6,6.6571426,33.9,23.9,13.3,12
sj,2006,31,2006-08-06,-0.1145,0.09955,0.1523286,0.1531286,300.4,300.47144,296.95856,302.7,298.4,72.24,81.64571,93.78,18.427143,2.8,27.828571,6.2714286,32.2,22.8,100.0,16
sj,2006,32,2006-08-13,0.00174,0.0136,0.1457429,0.1309857,300.20856,300.37143,296.57,303.1,297.9,171.58,80.65429,63.83,18.007143,2.857143,27.442858,5.4,31.1,23.9,40.9,10
sj,2006,33,2006-08-20,0.00174,0.0139,0.2238143,0.1753,300.91,301.12143,296.84,303.0,299.3,13.5,78.627144,3.19,18.327143,2.4714286,28.642857,5.3,32.2,24.4,1.5,16
sj,2006,34,2006-08-27,0.06405,0.00345,0.1773,0.1789833,300.82144,300.9643,297.00143,303.1,299.0,39.5,79.814285,70.61,18.507143,2.7571428,27.985714,6.7714286,32.2,23.9,30.7,18
sj,2006,35,2006-09-03,0.07515,0.079825,0.1567,0.1232,301.06857,301.22144,297.13,303.2,299.1,22.2,79.15429,51.48,18.632856,2.4714286,28.12857,5.571429,31.7,23.3,33.8,15
sj,2006,36,2006-09-10,0.01235,-0.02706667,0.1379857,0.1328,301.07144,301.15714,296.88144,303.1,298.8,15.5,78.12428,24.11,18.401428,3.0,28.542856,6.3428574,32.2,24.4,9.8,23
sj,2006,37,2006-09-17,0.026125,-0.0535,0.1424143,0.1815,301.09857,301.3643,296.86142,304.2,298.8,27.2,77.93,67.31,18.382856,3.5,28.528572,7.2,33.3,23.9,25.3,17
sj,2006,38,2006-09-24,-0.0556,-0.0162,0.1977,0.1719286,301.41858,301.5643,296.72144,303.6,299.2,9.6,75.86143,27.18,18.21,3.4142857,28.828571,6.8,33.3,23.9,2.3,33
sj,2006,39,2006-10-01,-0.0265,-0.03535,0.1945429,0.1676,301.3443,301.5357,296.89856,304.2,299.0,18.86,76.95286,27.63,18.398571,3.6142857,28.957144,6.285714,32.8,25.0,6.2,15
sj,2006,40,2006-10-08,-0.0265,-0.03535,0.1755,0.1958714,301.47427,301.69287,296.54715,303.7,299.6,14.1,74.73286,12.22,18.001429,3.0714285,28.857143,7.385714,33.9,24.4,7.3,13
sj,2006,41,2006-10-15,0.06305,-0.1497,0.2367333,0.2508833,301.39716,301.42856,296.76428,303.2,299.2,20.4,76.00714,44.38,18.262857,2.5428572,28.7,7.214286,33.3,23.9,28.0,11
sj,2006,42,2006-10-22,0.12335,0.1152,0.07027143,0.05842857,300.7557,300.77142,296.8443,302.9,298.6,37.0,79.41428,64.15,18.394285,3.0285714,28.357143,7.5285716,33.3,23.9,140.8,14
sj,2006,43,2006-10-29,0.04593333,-0.0364,0.1736714,0.12805,300.68286,300.82858,296.87714,302.9,299.0,27.2,79.93,95.43,18.46,3.0857143,28.114286,7.0142856,32.8,23.3,65.8,17
sj,2006,44,2006-11-05,0.04593333,0.0707,0.1566143,0.1134143,300.9357,301.02856,297.36572,303.4,299.3,54.12,81.08572,15.91,18.947144,2.7714286,28.5,5.7714286,32.2,25.0,38.0,19
sj,2006,45,2006-11-12,-0.2761,-0.0331,0.2153167,0.1843571,300.88,300.99286,296.16428,302.8,299.2,8.2,75.56857,6.61,17.617144,2.5857143,27.985714,6.1285715,31.7,24.4,18.0,20
sj,2006,46,2006-11-19,-0.1686,-0.4561,0.1658143,0.1308143,300.41287,300.5643,295.06287,302.8,298.5,13.2,72.68429,21.29,16.464285,2.4714286,27.185715,6.6285715,31.7,23.3,18.5,12
sj,2006,47,2006-11-26,0.0947,-0.01176667,0.1773286,0.1929,299.32858,299.48572,294.6557,302.4,296.5,26.82,75.6,57.01,16.08,3.2571428,27.042856,7.1571426,32.8,22.8,0.8,21
sj,2006,48,2006-12-03,0.0115,-0.01176667,0.08832857,0.02602857,300.34286,300.40714,295.9157,302.2,298.4,14.56,76.828575,51.3,17.345715,2.9,27.414286,7.4,32.2,22.2,88.7,7
sj,2006,49,2006-12-10,0.0516,-0.05264,0.2320286,0.09608571,299.49573,299.4643,294.57428,300.8,297.5,42.55,74.43143,25.02,15.97,2.0142858,25.942858,5.7714286,29.4,22.2,68.0,19
sj,2006,50,2006-12-17,-0.04176667,0.025325,0.1784571,0.1963143,299.63,299.73572,295.59143,301.3,298.2,18.4,78.63857,0.0,16.987143,2.1,26.528572,5.9428573,30.0,22.8,6.9,10
sj,2006,51,2006-12-24,-0.0548,0.0318,0.10776,0.1255167,299.30286,299.47144,294.55142,300.8,297.7,14.5,75.24,0.0,15.917143,1.9714285,25.928572,6.1714287,30.0,22.2,26.9,13
sj,2007,1,2007-01-01,0.2643,0.05124,0.1484429,0.1446,298.66714,298.89285,294.23285,300.2,297.6,12.4,76.52857,0.0,15.595715,1.8714286,25.357143,4.9857144,28.3,21.7,21.7,10
sj,2007,2,2007-01-08,0.2643,-0.03805,0.1851571,0.2065429,298.56714,298.6857,293.76,300.3,296.7,16.3,74.81143,0.0,15.115714,2.1142857,25.085714,6.5571427,29.4,21.1,14.8,8
sj,2007,3,2007-01-15,-0.0192,-0.0043,0.0963,0.06577143,298.21713,298.32144,294.01572,300.6,295.9,60.49,77.64714,63.41,15.368571,3.0428572,24.971428,6.1857142,28.3,20.6,21.4,21
sj,2007,4,2007-01-22,0.1288333,0.1152,0.2486833,0.2523286,298.20428,298.32858,293.2143,299.5,296.6,9.33,73.80428,0.0,14.614285,1.9714285,25.0,5.714286,28.3,21.1,16.8,11
sj,2007,5,2007-01-29,0.1288333,0.041,0.1046857,0.1395429,297.9457,298.22144,292.69714,301.3,295.5,0.0,72.76,0.0,14.162857,3.7857144,25.085714,7.7714286,30.6,20.6,0.0,9
sj,2007,6,2007-02-05,-0.2156,0.0658,0.2048429,0.2347,298.54858,298.79285,293.7386,300.4,296.7,0.6,74.8,0.0,15.102858,2.5,25.6,7.0571427,30.0,21.1,3.3,14
sj,2007,7,2007-02-12,-0.0752,-0.07194,0.2439429,0.1923143,298.44427,298.58572,293.82715,301.4,295.8,1.2,75.75429,0.0,15.184286,3.4571428,26.157143,7.6,32.2,21.1,0.3,14
sj,2007,8,2007-02-19,0.2121,0.1016,0.1901429,0.1567857,298.71,298.89285,293.69,301.2,295.7,6.73,73.93285,0.0,15.091429,3.442857,26.414286,8.485714,31.1,21.7,1.5,15
sj,2007,9,2007-02-26,0.2121,-0.01975,0.006183333,0.05438333,298.3157,298.51428,294.20428,301.0,296.2,23.12,78.12572,0.0,15.561429,2.8857143,25.62857,7.0,31.7,21.1,22.9,18
sj,2007,10,2007-03-05,0.0543,-0.0189,0.1837,0.1208571,299.1143,299.25,294.32858,301.5,296.9,3.7,75.01428,0.0,15.697143,3.0714285,26.557142,7.6714287,32.2,22.2,8.4,16
sj,2007,11,2007-03-12,0.0373,0.0018,0.1647571,0.1754857,299.01572,299.33572,294.02,301.0,296.6,1.5,74.02571,0.0,15.382857,2.9857142,26.714285,8.042857,31.7,21.7,0.3,12
sj,2007,12,2007-03-19,0.0117,0.01655,0.1626714,0.1492,298.45285,298.65714,293.77,301.8,296.8,5.1,75.43857,9.12,15.167143,2.6285715,26.857143,7.542857,32.8,22.2,0.5,20
sj,2007,13,2007-03-26,0.02285,0.035575,0.0701,0.08295714,298.7557,298.85,294.3757,300.9,297.1,25.2,76.78429,33.72,15.741428,2.5285714,27.12857,7.8,33.3,22.8,7.6,8
sj,2007,14,2007-04-02,0.01886667,0.03325,0.1870571,0.1638429,297.77713,297.8643,293.27,299.9,296.5,36.3,76.21429,90.68,14.772857,2.0714285,25.6,6.0142856,30.0,21.7,40.2,3
sj,2007,15,2007-04-09,-0.0743,0.0033,0.2062167,0.2322286,298.55286,298.69287,293.38428,301.2,295.9,1.2,73.30143,13.09,14.908571,3.0714285,26.385714,7.6285715,32.8,20.6,3.3,13
sj,2007,16,2007-04-16,0.0689,0.04426667,0.1083571,0.08502857,299.33572,299.55713,294.50714,301.7,297.6,2.22,74.832855,0.0,15.854285,3.0,27.72857,8.014286,33.3,22.8,1.8,4
sj,2007,17,2007-04-23,0.0216,0.02055,0.09744286,0.0642,299.02286,299.25,295.49142,302.8,296.9,63.1,81.112854,69.7,16.907143,3.357143,26.87143,7.428571,34.4,21.7,163.1,1
sj,2007,18,2007-04-30,0.0392,0.01195,0.1393857,0.1175571,298.77573,298.87857,295.46857,301.0,296.6,63.81,82.08428,93.03,16.817142,2.2142856,26.214285,5.4714284,30.0,22.2,79.8,10
sj,2007,19,2007-05-07,-0.06205,-0.02765,0.1429286,0.1718429,299.46713,299.51428,295.54,301.8,297.6,40.3,79.19428,9.83,16.947144,2.7714286,27.328571,6.7714286,31.7,23.3,20.5,8
sj,2007,20,2007-05-14,0.0019,0.01205,0.2544143,0.2370857,300.66,300.84286,296.17572,303.1,298.8,8.4,76.76,6.8,17.608572,3.1714287,29.0,7.6714287,33.3,24.4,0.3,13
sj,2007,21,2007-05-21,0.05825,0.0211,0.06742857,0.07848571,300.69287,300.85,295.6143,302.7,298.7,2.2,73.98143,6.2,17.005714,3.0714285,28.757143,8.028571,33.3,23.9,0.5,10
sj,2007,22,2007-05-28,0.05825,0.1007333,0.1275429,0.1072571,300.46143,300.72144,295.85,303.3,298.3,24.9,76.02286,45.7,17.257143,3.557143,28.457144,7.0571427,32.8,23.9,17.0,21
sj,2007,23,2007-06-04,-0.0118,-0.0616,0.1468429,0.1657286,300.96143,301.17142,296.10715,303.3,298.9,17.74,74.96286,85.81,17.507143,3.4285715,29.2,7.4,33.9,23.3,33.3,18
sj,2007,24,2007-06-11,-0.0054,-0.02493333,0.1035571,0.08591429,300.55,300.5643,295.9757,302.9,298.4,25.3,76.16286,62.42,17.37,2.3857143,28.542856,7.214286,34.4,23.9,47.6,21
sj,2007,25,2007-06-18,0.1058,0.04328,0.1976143,0.2087,301.14572,301.37143,296.08572,303.6,298.9,4.2,74.16,15.76,17.488571,2.9714286,29.014286,7.5,33.9,24.4,4.3,34
sj,2007,26,2007-06-25,0.2484,0.11865,0.2273429,0.1632,301.09714,301.30713,296.54,303.7,299.3,9.7,76.328575,46.08,17.947144,2.6714287,29.27143,6.542857,33.9,25.0,1.5,25
sj,2007,27,2007-07-02,0.0501,0.005633333,0.22295,0.1635714,301.01572,301.10715,296.1557,303.2,299.1,20.5,74.921425,19.09,17.512857,3.1,28.842857,6.6714287,33.3,24.4,17.3,34
sj,2007,28,2007-07-09,0.0501,0.05715,0.1622167,0.1797571,300.97144,301.0,296.17715,303.0,298.7,11.56,75.24143,1.13,17.561428,2.8,28.87143,6.7285714,33.3,24.4,10.0,33
sj,2007,29,2007-07-16,0.0826,0.0875,0.1183571,0.0914,300.94714,301.08572,296.13284,303.2,298.8,22.32,75.14286,40.7,17.505714,2.9142857,28.571428,6.757143,33.3,24.4,21.3,40
sj,2007,30,2007-07-23,-0.00695,0.0335,0.1045571,0.1148571,300.49573,300.54285,296.87286,302.9,298.4,40.34,80.80857,85.11,18.351429,2.857143,28.571428,6.2714286,33.3,25.0,69.8,42
sj,2007,31,2007-07-30,0.0746,0.1004,0.2338667,0.2433714,301.08142,301.17142,296.06287,303.1,299.1,8.3,74.26428,1.02,17.467142,2.8285713,28.62857,6.142857,32.8,24.4,14.5,36
sj,2007,32,2007-08-06,0.0156,0.03105,0.1343143,0.1158571,301.17,301.25714,296.9157,303.0,299.0,21.41,77.76572,37.75,18.407143,2.5714285,28.614286,5.8142858,31.7,24.4,6.4,72
sj,2007,33,2007-08-13,0.0156,0.00625,0.1273571,0.1259429,300.98715,301.09286,296.92285,303.0,299.0,25.69,78.64,72.44,18.411428,2.5285714,28.385714,5.9857144,31.7,23.3,24.9,75
sj,2007,34,2007-08-20,0.0331,0.0927,0.2873286,0.2724857,300.91144,301.0643,296.80142,302.9,298.9,56.82,78.461426,34.47,18.305714,2.7857144,28.457144,6.742857,33.9,23.9,35.3,76
sj,2007,35,2007-08-27,0.0821,0.06376667,0.1511429,0.1315429,300.82858,300.97858,296.53287,303.7,299.0,30.89,77.564285,62.56,18.0,2.7,28.385714,6.928571,33.9,23.9,20.1,92
sj,2007,36,2007-09-03,0.0821,0.0433,0.2283333,0.2021857,301.21857,301.24286,296.4457,303.3,298.9,19.74,75.34571,30.77,17.87,3.0,28.314285,6.5857143,33.3,23.9,25.9,71
sj,2007,37,2007-09-10,0.0821,0.0569,0.2385429,0.1874857,301.11716,301.15,296.28857,303.5,298.8,22.24,75.19572,10.37,17.72,3.1571429,28.87143,6.5142856,33.9,25.0,10.4,112
sj,2007,38,2007-09-17,-0.01345,0.0749,0.1525714,0.1319286,301.21713,301.30713,296.56143,303.1,298.9,26.14,75.97,70.39,18.037144,2.8142858,28.3,6.285714,32.8,24.4,26.9,106
sj,2007,39,2007-09-24,-0.0307,-0.00294,0.1527286,0.1446286,301.05286,301.17856,296.51,303.5,299.0,16.15,76.405716,94.37,17.981428,3.5857143,28.171429,6.0285716,32.2,24.4,21.3,101
sj,2007,40,2007-10-01,0.096,0.02476667,0.1853,0.1177286,301.02286,301.02856,296.64285,303.5,299.1,17.6,77.19,74.5,18.118572,2.6857142,27.985714,7.242857,32.8,22.2,86.6,170
sj,2007,41,2007-10-08,0.009,0.104,0.1181286,0.1263429,300.79,300.94287,296.83572,302.9,299.3,21.98,79.17857,108.26,18.375713,3.0,28.12857,6.9142857,33.3,23.9,14.5,135
sj,2007,42,2007-10-15,0.021,0.1326667,0.2459429,0.1897571,301.49286,301.6357,296.35428,303.6,299.4,8.3,73.86714,17.56,17.845715,3.1857142,29.1,7.542857,33.9,24.4,10.2,106
sj,2007,43,2007-10-22,0.021,-0.00915,0.1911857,0.1764,301.00714,301.09286,295.8743,302.8,299.0,15.66,73.66143,16.48,17.275715,2.4714286,27.957144,6.4428573,32.2,24.4,8.6,68
sj,2007,44,2007-10-29,0.1243,0.0543,0.1568143,0.1235286,299.45856,299.54285,296.02,302.1,297.7,174.64,81.594284,137.55,17.502857,2.6,26.2,5.4,30.6,22.2,89.2,48
sj,2007,45,2007-11-05,-0.2517,-0.0486,0.2051714,0.1728833,300.60428,300.6857,295.83856,302.6,298.2,10.3,75.35,15.25,17.295713,2.2571428,27.442858,6.857143,32.2,22.8,4.1,48
sj,2007,46,2007-11-12,-0.0589,-0.06255,0.2057429,0.2025429,299.9343,300.1857,295.63858,303.1,297.5,21.4,77.48143,42.0,17.082857,3.5428572,26.814285,6.6857142,31.1,22.8,65.7,26
sj,2007,47,2007-11-19,-0.0589,-0.06255,0.2044857,0.1562857,299.82144,299.8857,295.75287,301.8,297.9,43.4,78.52571,73.37,17.187143,2.5142858,26.9,6.2,31.1,22.8,40.4,33
sj,2007,48,2007-11-26,-0.0595,-0.04166667,0.09091667,0.1290857,299.09,299.19287,293.35144,300.7,297.3,9.78,70.72714,15.95,14.768572,2.0714285,25.442858,5.385714,28.9,22.2,36.4,29
sj,2007,49,2007-12-03,-0.0595,-0.04235,0.0956,0.089,299.02,299.02142,294.28857,300.8,297.1,68.0,75.36857,17.85,15.6757145,2.1,25.842857,5.4,29.4,22.8,34.5,17
sj,2007,50,2007-12-10,-0.13305,-0.04555,0.15144,0.1431714,298.9,298.97144,294.7743,300.9,297.0,66.72,78.01572,31.3,16.13,2.4857142,25.77143,5.0857143,28.9,22.2,30.2,12
sj,2007,51,2007-12-17,-0.13305,-0.039,0.1734167,0.1501714,298.66858,298.75714,294.97714,300.4,296.2,50.53,80.17857,62.11,16.344286,2.3714285,25.071428,4.9142857,28.9,21.7,108.2,13
sj,2007,52,2007-12-24,0.0148,0.0163,0.2072667,0.1445778,298.60284,298.75,293.92856,300.8,295.5,2.36,75.44857,0.0,15.318571,2.9857142,25.085714,6.242857,28.3,21.1,16.8,17
sj,2008,1,2008-01-01,0.0006,-0.3096,0.2398143,0.1955571,298.03857,298.12143,293.51428,299.9,296.6,27.99,76.148575,0.0,14.911428,1.8428571,25.4,5.3,29.4,22.2,55.5,15
sj,2008,2,2008-01-08,0.0006,-0.10825,0.3304857,0.2442857,298.14285,298.22858,293.5957,300.0,296.3,37.66,76.13143,37.24,14.98,2.057143,24.971428,5.0142856,28.3,21.1,64.8,14
sj,2008,3,2008-01-15,0.0006,0.0383,0.125,0.1088429,297.62714,297.87143,293.02,300.1,295.3,4.1,75.64286,0.0,14.488571,3.0,24.428572,5.6285715,27.8,20.6,2.5,15
sj,2008,4,2008-01-22,-0.0268,-0.2153,0.1126143,0.1602143,297.96857,298.12857,293.6357,299.5,296.4,27.16,77.167145,81.22,15.065714,2.0,24.528572,4.5857143,27.8,21.1,83.1,10
sj,2008,5,2008-01-29,-0.0268,-0.1354,0.2233,0.1709429,298.02142,298.17856,292.95715,300.7,294.3,2.7,73.56571,0.0,14.408571,3.3,24.571428,6.4428573,28.9,20.0,3.1,9
sj,2008,6,2008-02-05,-0.1117,-0.0032,0.2328429,0.2711714,297.23715,297.27856,291.53714,299.3,295.4,19.7,70.64286,0.0,13.225715,2.0714285,24.214285,5.1571426,27.2,21.1,35.9,2
sj,2008,7,2008-02-12,0.072,-0.0631,0.1502,0.1492714,297.83856,297.90714,292.94144,299.3,296.5,10.17,74.22857,0.0,14.367143,2.1571429,24.8,6.242857,28.3,21.1,6.4,6
sj,2008,8,2008-02-19,-0.13865,-0.09506667,0.2460571,0.2281286,297.90714,298.05713,293.13428,299.6,296.4,8.3,74.78571,0.0,14.538571,1.8857143,24.9,5.785714,28.3,21.7,13.3,8
sj,2008,9,2008-02-26,-0.13865,0.01542,0.2116286,0.1173429,297.76572,298.07144,292.50287,299.9,296.3,6.46,72.66,0.0,13.967143,2.2857144,24.742857,5.5,27.8,21.1,12.9,5
sj,2008,10,2008-03-04,-0.0889,-0.09003333,0.2232429,0.1541857,297.87857,298.00714,293.05286,299.9,295.5,6.5,74.68143,0.0,14.474286,2.6142857,25.114286,6.114286,29.4,21.1,13.0,1
sj,2008,11,2008-03-11,-0.3214,-0.1412,0.1106429,0.1410143,297.5957,297.64285,292.19714,299.5,296.1,9.38,71.93429,0.0,13.721429,2.0857143,25.328571,5.8142858,28.9,22.2,4.4,2
sj,2008,12,2008-03-18,0.0449,0.02445,0.1016286,0.088,297.4043,297.4357,292.20572,299.8,294.9,0.9,72.91572,0.0,13.737143,3.8714285,25.2,7.042857,30.0,20.6,0.5,3
sj,2008,13,2008-03-25,0.07785,-0.0399,0.3104714,0.2962429,296.95856,296.95715,292.0957,299.7,294.4,7.55,74.24715,27.19,13.644286,2.8857143,25.042856,5.785714,30.0,21.1,1.8,4
sj,2008,14,2008-04-01,-0.038,-0.01683333,0.1193714,0.06638571,298.08142,298.22858,293.23572,299.8,296.5,3.67,74.6,3.82,14.662857,2.7142856,26.242857,6.8142858,30.6,22.2,0.5,3
sj,2008,15,2008-04-08,-0.1552,-0.05275,0.1377571,0.1412143,297.46,297.5643,292.73285,299.4,295.8,35.0,75.027145,16.96,14.184286,2.1857142,25.0,5.714286,29.4,21.7,30.7,1
sj,2008,16,2008-04-15,0.0018,-0.05275,0.2039,0.2098429,297.63,297.77856,292.2743,299.7,295.9,4.82,72.28571,0.0,13.858571,2.7857144,25.314285,6.242857,29.4,21.7,11.2,3
sj,2008,17,2008-04-22,-0.037,-0.01036667,0.07731429,0.09058571,298.67285,298.69287,294.28,300.9,295.9,2.17,76.96,0.0,15.671429,3.9571428,27.042856,7.5142856,31.7,23.3,0.3,5
